날짜,메뉴,제공량(kg),선호도,기온(°C),계절,1학년_남,1학년_여,2학년_남,2학년_여,3학년_남,3학년_여,체육대회,현장체험학습,점심행사,잔반량(cm^2)
2025-03-03,곤드레밥,6.33,4,12.9,봄,28,21,29,28,27,30,0,0,1,1272.0
2025-03-03,탕수육,6.28,5,12.9,봄,28,21,29,28,27,30,0,0,1,987.0
2025-03-03,보쌈김치,6.62,1,12.9,봄,28,21,29,28,27,30,0,0,1,1986.0
2025-03-03,미역국,3.07,1,12.9,봄,28,21,29,28,27,30,0,0,1,921.0
2025-03-03,치즈볼,9.31,2,12.9,봄,28,21,29,28,27,30,0,0,1,2379.0
2025-03-04,현미밥,5.49,3,10.1,봄,35,27,31,28,32,30,0,0,1,1428.0
2025-03-04,해물콩나물찜,3.41,4,10.1,봄,35,27,31,28,32,30,0,0,1,993.0
2025-03-04,떡만두국,5.73,2,10.1,봄,35,27,31,28,32,30,0,0,1,1719.0
2025-03-04,소시지볶음,9.46,4,10.1,봄,35,27,31,28,32,30,0,0,1,1539.0
2025-03-04,돌나물무침,8.66,5,10.1,봄,35,27,31,28,32,30,0,0,1,1077.0
2025-03-05,곤드레밥,7.86,5,12.1,봄,25,27,30,21,26,28,0,0,0,453.0
2025-03-05,햄전,6.94,4,12.1,봄,25,27,30,21,26,28,0,0,0,723.0
2025-03-05,식빵튀김,6.39,5,12.1,봄,25,27,30,21,26,28,0,0,0,387.0
2025-03-05,불낙전골,4.66,1,12.1,봄,25,27,30,21,26,28,0,0,0,1146.0
2025-03-05,기장밥,7.75,2,12.1,봄,25,27,30,21,26,28,0,0,0,1494.0
2025-03-06,닭튀김,3.59,2,10.0,봄,27,21,26,21,34,22,0,0,0,732.0
2025-03-06,검정콩밥,5.24,2,10.0,봄,27,21,26,21,34,22,0,0,0,1029.0
2025-03-06,제육볶음,4.57,3,10.0,봄,27,21,26,21,34,22,0,0,0,705.0
2025-03-06,해물파전,8.41,3,10.0,봄,27,21,26,21,34,22,0,0,0,1221.0
2025-03-06,청국장찌개,6.33,3,10.0,봄,27,21,26,21,34,22,0,0,0,942.0
2025-03-07,임연수구이,6.03,2,13.5,봄,25,30,30,29,28,28,0,0,0,1191.0
2025-03-07,닭다리구이,8.59,2,13.5,봄,25,30,30,29,28,28,0,0,0,1653.0
2025-03-07,꿀떡,9.78,5,13.5,봄,25,30,30,29,28,28,0,0,0,546.0
2025-03-07,감자국,6.48,5,13.5,봄,25,30,30,29,28,28,0,0,0,399.0
2025-03-07,폭찹,7.87,3,13.5,봄,25,30,30,29,28,28,0,0,0,1170.0
2025-03-10,닭꼬치구이,3.28,2,11.8,봄,33,30,30,27,34,27,0,0,0,687.0
2025-03-10,파래무침,3.07,2,11.8,봄,33,30,30,27,34,27,0,0,0,651.0
2025-03-10,갈비탕,3.1,1,11.8,봄,33,30,30,27,34,27,0,0,0,795.0
2025-03-10,콩비지찌개,3.46,2,11.8,봄,33,30,30,27,34,27,0,0,0,720.0
2025-03-10,순대,6.12,4,11.8,봄,33,30,30,27,34,27,0,0,0,648.0
2025-03-11,완두콩밥,9.27,3,12.4,봄,28,24,32,24,33,24,0,0,0,1353.0
2025-03-11,제육볶음,3.94,4,12.4,봄,28,24,32,24,33,24,0,0,0,456.0
2025-03-11,임연수구이,3.42,1,12.4,봄,28,24,32,24,33,24,0,0,0,870.0
2025-03-11,식혜,4.41,1,12.4,봄,28,24,32,24,33,24,0,0,0,1092.0
2025-03-11,멘보샤,8.95,3,12.4,봄,28,24,32,24,33,24,0,0,0,1308.0
2025-03-12,김치전,3.77,4,14.2,봄,25,22,35,24,25,24,0,0,0,450.0
2025-03-12,단무지무침,8.52,2,14.2,봄,25,22,35,24,25,24,0,0,0,1644.0
2025-03-12,숙주나물,3.23,4,14.2,봄,25,22,35,24,25,24,0,0,0,402.0
2025-03-12,임연수구이,4.06,1,14.2,봄,25,22,35,24,25,24,0,0,0,1023.0
2025-03-12,부대찌개,9.08,2,14.2,봄,25,22,35,24,25,24,0,0,0,1746.0
2025-03-13,크로와상,4.86,2,10.2,봄,31,30,30,22,34,26,0,0,0,963.0
2025-03-13,청국장찌개,4.81,1,10.2,봄,31,30,30,22,34,26,0,0,0,1170.0
2025-03-13,해물파전,5.76,2,10.2,봄,31,30,30,22,34,26,0,0,0,1125.0
2025-03-13,게맛살튀김,3.9,2,10.2,봄,31,30,30,22,34,26,0,0,0,789.0
2025-03-13,삼치구이,7.27,3,10.2,봄,31,30,30,22,34,26,0,0,0,1071.0
2025-03-14,마라탕,8.11,4,11.2,봄,25,20,29,20,31,24,0,0,0,825.0
2025-03-14,제육볶음,5.37,4,11.2,봄,25,20,29,20,31,24,0,0,0,576.0
2025-03-14,폭찹,3.7,2,11.2,봄,25,20,29,20,31,24,0,0,0,759.0
2025-03-14,갓김치,8.1,1,11.2,봄,25,20,29,20,31,24,0,0,0,1917.0
2025-03-14,쌀밥,3.71,5,11.2,봄,25,20,29,20,31,24,0,0,0,261.0
2025-03-17,김치국,6.84,5,13.1,봄,33,20,30,27,25,25,0,0,0,411.0
2025-03-17,하이라이스,9.28,2,13.1,봄,33,20,30,27,25,25,0,0,0,1776.0
2025-03-17,콩나물국,5.34,3,13.1,봄,33,20,30,27,25,25,0,0,0,825.0
2025-03-17,햄전,9.25,3,13.1,봄,33,20,30,27,25,25,0,0,0,1353.0
2025-03-17,무나물,5.71,2,13.1,봄,33,20,30,27,25,25,0,0,0,1131.0
2025-03-18,바지락 미역국,5.52,2,10.9,봄,31,26,26,24,26,20,0,0,0,1086.0
2025-03-18,새우튀김,9.79,2,10.9,봄,31,26,26,24,26,20,0,0,0,1854.0
2025-03-18,골뱅이무침,7.09,2,10.9,봄,31,26,26,24,26,20,0,0,0,1368.0
2025-03-18,설렁탕,5.89,5,10.9,봄,31,26,26,24,26,20,0,0,0,357.0
2025-03-18,오므라이스,7.87,2,10.9,봄,31,26,26,24,26,20,0,0,0,1509.0
2025-03-19,오징어튀김,7.88,4,12.1,봄,29,25,34,30,26,29,0,0,0,807.0
2025-03-19,김말이튀김,3.66,2,12.1,봄,29,25,34,30,26,29,0,0,0,759.0
2025-03-19,콘치즈구이,4.41,4,12.1,봄,29,25,34,30,26,29,0,0,0,495.0
2025-03-19,미역줄기볶음,9.7,5,12.1,봄,29,25,34,30,26,29,0,0,0,534.0
2025-03-19,계란빵,7.29,5,12.1,봄,29,25,34,30,26,29,0,0,0,426.0
2025-03-20,완자전,7.48,5,10.0,봄,28,21,27,20,35,29,0,0,0,423.0
2025-03-20,식혜,7.59,4,10.0,봄,28,21,27,20,35,29,0,0,0,771.0
2025-03-20,꿀떡,6.54,4,10.0,봄,28,21,27,20,35,29,0,0,0,675.0
2025-03-20,고추잡채,4.75,2,10.0,봄,28,21,27,20,35,29,0,0,0,942.0
2025-03-20,돼지갈비찜,9.69,4,10.0,봄,28,21,27,20,35,29,0,0,0,960.0
2025-03-21,과일샐러드,9.32,4,10.2,봄,26,30,29,21,27,21,0,0,0,927.0
2025-03-21,깻잎찜,7.97,1,10.2,봄,26,30,29,21,27,21,0,0,0,1881.0
2025-03-21,비빔밥,8.99,5,10.2,봄,26,30,29,21,27,21,0,0,0,492.0
2025-03-21,골뱅이무침,5.76,4,10.2,봄,26,30,29,21,27,21,0,0,0,606.0
2025-03-21,닭튀김,6.79,1,10.2,봄,26,30,29,21,27,21,0,0,0,1617.0
2025-03-24,설렁탕,5.11,3,11.4,봄,26,23,33,26,26,28,0,0,0,786.0
2025-03-24,유채나물,7.54,5,11.4,봄,26,23,33,26,26,28,0,0,0,435.0
2025-03-24,계란빵,7.07,4,11.4,봄,26,23,33,26,26,28,0,0,0,732.0
2025-03-24,청국장찌개,6.18,2,11.4,봄,26,23,33,26,26,28,0,0,0,1206.0
2025-03-24,짜장밥,6.35,2,11.4,봄,26,23,33,26,26,28,0,0,0,1239.0
2025-03-25,폭찹,9.67,2,11.9,봄,26,27,35,24,34,26,0,0,0,1839.0
2025-03-25,스크램블드에그,6.03,5,11.9,봄,26,27,35,24,34,26,0,0,0,369.0
2025-03-25,버섯전,4.71,1,11.9,봄,26,27,35,24,34,26,0,0,0,1158.0
2025-03-25,미트볼조림,5.73,3,11.9,봄,26,27,35,24,34,26,0,0,0,870.0
2025-03-25,닭강정,6.27,4,11.9,봄,26,27,35,24,34,26,0,0,0,663.0
2025-03-26,잔치국수,4.18,2,13.0,봄,31,27,31,21,34,21,0,0,0,855.0
2025-03-26,물냉면,6.78,5,13.0,봄,31,27,31,21,34,21,0,0,0,408.0
2025-03-26,오징어무침,3.06,2,13.0,봄,31,27,31,21,34,21,0,0,0,654.0
2025-03-26,소시지볶음,8.96,2,13.0,봄,31,27,31,21,34,21,0,0,0,1716.0
2025-03-26,새우튀김,4.18,2,13.0,봄,31,27,31,21,34,21,0,0,0,855.0
2025-03-27,식빵튀김,7.05,4,10.6,봄,26,24,29,21,32,22,0,0,1,1326.0
2025-03-27,부대찌개,6.47,1,10.6,봄,26,24,29,21,32,22,0,0,1,1941.0
2025-03-27,느타리버섯볶음,5.47,2,10.6,봄,26,24,29,21,32,22,0,0,1,1641.0
2025-03-27,비름나물,5.33,1,10.6,봄,26,24,29,21,32,22,0,0,1,1599.0
2025-03-27,기장밥,6.28,1,10.6,봄,26,24,29,21,32,22,0,0,1,1884.0
2025-03-28,꿀떡,7.86,3,12.5,봄,34,25,28,22,31,30,0,0,0,1161.0
2025-03-28,메밀소바,5.22,3,12.5,봄,34,25,28,22,31,30,0,0,0,807.0
2025-03-28,시금치나물,9.22,5,12.5,봄,34,25,28,22,31,30,0,0,0,516.0
2025-03-28,하이라이스,3.28,5,12.5,봄,34,25,28,22,31,30,0,0,0,249.0
2025-03-28,바지락 미역국,8.73,3,12.5,봄,34,25,28,22,31,30,0,0,0,1281.0
2025-03-31,멘보샤,3.02,1,13.4,봄,29,21,29,26,33,22,0,0,0,786.0
2025-03-31,김말이튀김,9.82,5,13.4,봄,29,21,29,26,33,22,0,0,0,549.0
2025-03-31,부추전,5.67,1,13.4,봄,29,21,29,26,33,22,0,0,0,1383.0
2025-03-31,계란빵,8.04,2,13.4,봄,29,21,29,26,33,22,0,0,0,1554.0
2025-03-31,꽃게탕,4.74,5,13.4,봄,29,21,29,26,33,22,0,0,0,321.0
2025-04-01,삼겹살구이,6.16,5,8.8,봄,29,28,35,27,35,29,0,0,0,357.0
2025-04-01,무나물,3.54,2,8.8,봄,29,28,35,27,35,29,0,0,0,717.0
2025-04-01,오징어무침,6.29,1,8.8,봄,29,28,35,27,35,29,0,0,0,1494.0
2025-04-01,짜장밥,5.98,1,8.8,봄,29,28,35,27,35,29,0,0,0,1425.0
2025-04-01,닭볶음,9.93,5,8.8,봄,29,28,35,27,35,29,0,0,0,528.0
2025-04-02,무생채,4.78,3,13.1,봄,26,30,30,27,34,23,0,0,0,750.0
2025-04-02,파래무침,3.02,2,13.1,봄,26,30,30,27,34,23,0,0,0,648.0
2025-04-02,나박김치,9.63,5,13.1,봄,26,30,30,27,34,23,0,0,0,537.0
2025-04-02,돼지갈비찜,5.02,4,13.1,봄,26,30,30,27,34,23,0,0,0,555.0
2025-04-02,마늘쫑볶음,5.63,4,13.1,봄,26,30,30,27,34,23,0,0,0,612.0
2025-04-03,감자국,4.33,5,13.8,봄,30,25,30,25,34,20,0,0,0,303.0
2025-04-03,가자미구이,5.24,1,13.8,봄,30,25,30,25,34,20,0,0,0,1287.0
2025-04-03,달걀말이,4.17,1,13.8,봄,30,25,30,25,34,20,0,0,0,1047.0
2025-04-03,골뱅이무침,8.67,5,13.8,봄,30,25,30,25,34,20,0,0,0,498.0
2025-04-03,오이김치,8.12,5,13.8,봄,30,25,30,25,34,20,0,0,0,474.0
2025-04-04,된장찌개,8.77,2,8.3,봄,28,30,34,24,25,24,0,0,0,1656.0
2025-04-04,새송이버섯전,5.4,3,8.3,봄,28,30,34,24,25,24,0,0,0,807.0
2025-04-04,스크램블드에그,6.11,1,8.3,봄,28,30,34,24,25,24,0,0,0,1452.0
2025-04-04,김치전,8.07,2,8.3,봄,28,30,34,24,25,24,0,0,0,1530.0
2025-04-04,두부조림,8.04,1,8.3,봄,28,30,34,24,25,24,0,0,0,1887.0
2025-04-07,재첩국,3.41,2,10.5,봄,33,29,29,25,33,25,0,0,0,705.0
2025-04-07,현미밥,9.71,2,10.5,봄,33,29,29,25,33,25,0,0,0,1839.0
2025-04-07,완두콩밥,8.88,4,10.5,봄,33,29,29,25,33,25,0,0,0,888.0
2025-04-07,새우튀김,5.7,3,10.5,봄,33,29,29,25,33,25,0,0,0,858.0
2025-04-07,시금치나물,7.72,1,10.5,봄,33,29,29,25,33,25,0,0,0,1827.0
2025-04-08,쫄면,8.66,4,12.0,봄,27,29,32,25,33,25,0,0,0,879.0
2025-04-08,꽃게탕,8.44,5,12.0,봄,27,29,32,25,33,25,0,0,0,477.0
2025-04-08,오이부추무침,4.28,5,12.0,봄,27,29,32,25,33,25,0,0,0,291.0
2025-04-08,꿀떡,9.67,2,12.0,봄,27,29,32,25,33,25,0,0,0,1839.0
2025-04-08,꼬리곰탕,4.1,2,12.0,봄,27,29,32,25,33,25,0,0,0,837.0
2025-04-09,새우튀김,7.26,4,12.0,봄,30,20,25,27,29,26,0,0,0,753.0
2025-04-09,깍두기,3.96,2,12.0,봄,30,20,25,27,29,26,0,0,0,810.0
2025-04-09,쌀밥,6.31,2,12.0,봄,30,20,25,27,29,26,0,0,0,1233.0
2025-04-09,깻잎김치,6.6,4,12.0,봄,30,20,25,27,29,26,0,0,0,693.0
2025-04-09,절편,4.71,2,12.0,봄,30,20,25,27,29,26,0,0,0,945.0
2025-04-10,치즈볼,8.56,1,13.5,봄,35,26,34,23,30,26,0,0,0,2034.0
2025-04-10,마늘빵,6.59,2,13.5,봄,35,26,34,23,30,26,0,0,0,1293.0
2025-04-10,나박김치,8.73,4,13.5,봄,35,26,34,23,30,26,0,0,0,894.0
2025-04-10,떡만두국,9.05,5,13.5,봄,35,26,34,23,30,26,0,0,0,513.0
2025-04-10,오리불고기,7.96,4,13.5,봄,35,26,34,23,30,26,0,0,0,822.0
2025-04-11,김말이튀김,5.76,5,12.3,봄,28,26,34,27,34,25,0,0,1,960.0
2025-04-11,설렁탕,5.75,2,12.3,봄,28,26,34,27,34,25,0,0,1,1725.0
2025-04-11,크로와상,7.28,2,12.3,봄,28,26,34,27,34,25,0,0,1,2010.0
2025-04-11,닭다리조림,5.99,1,12.3,봄,28,26,34,27,34,25,0,0,1,1797.0
2025-04-11,귀리밥,7.71,1,12.3,봄,28,26,34,27,34,25,0,0,1,2313.0
2025-04-14,느타리버섯볶음,9.91,5,13.7,봄,30,21,31,20,31,30,0,0,0,555.0
2025-04-14,부추무침,5.16,5,13.7,봄,30,21,31,20,31,30,0,0,0,339.0
2025-04-14,꼬리곰탕,9.76,1,13.7,봄,30,21,31,20,31,30,0,0,0,2304.0
2025-04-14,미숫가루,4.2,4,13.7,봄,30,21,31,20,31,30,0,0,0,486.0
2025-04-14,새우튀김,3.66,1,13.7,봄,30,21,31,20,31,30,0,0,0,933.0
2025-04-15,현미밥,3.35,2,10.2,봄,30,22,33,20,27,28,0,0,0,690.0
2025-04-15,게맛살튀김,9.73,5,10.2,봄,30,22,33,20,27,28,0,0,0,525.0
2025-04-15,돼지고기볶음,5.92,2,10.2,봄,30,22,33,20,27,28,0,0,0,1155.0
2025-04-15,꿀떡,9.47,4,10.2,봄,30,22,33,20,27,28,0,0,0,939.0
2025-04-15,삼계탕,9.79,3,10.2,봄,30,22,33,20,27,28,0,0,0,1410.0
2025-04-16,짜장면,8.22,3,10.8,봄,32,23,28,26,26,30,0,0,0,1200.0
2025-04-16,마늘빵,6.62,3,10.8,봄,32,23,28,26,26,30,0,0,0,984.0
2025-04-16,단무지무침,4.15,4,10.8,봄,32,23,28,26,26,30,0,0,0,465.0
2025-04-16,가자미구이,7.11,5,10.8,봄,32,23,28,26,26,30,0,0,0,411.0
2025-04-16,마늘쫑볶음,4.6,3,10.8,봄,32,23,28,26,26,30,0,0,0,714.0
2025-04-17,게맛살튀김,7.45,5,10.1,봄,34,27,28,21,25,27,0,0,1,1023.0
2025-04-17,깻잎김치,5.05,4,10.1,봄,34,27,28,21,25,27,0,0,1,1143.0
2025-04-17,보리밥,7.87,5,10.1,봄,34,27,28,21,25,27,0,0,1,1041.0
2025-04-17,완두콩밥,8.57,3,10.1,봄,34,27,28,21,25,27,0,0,1,1845.0
2025-04-17,콩비지찌개,3.36,5,10.1,봄,34,27,28,21,25,27,0,0,1,840.0
2025-04-18,식혜,7.32,1,8.8,봄,35,24,26,29,34,25,0,0,0,1728.0
2025-04-18,오이부추무침,5.35,2,8.8,봄,35,24,26,29,34,25,0,0,0,1044.0
2025-04-18,김치전,7.11,2,8.8,봄,35,24,26,29,34,25,0,0,0,1359.0
2025-04-18,옥수수밥,5.43,2,8.8,봄,35,24,26,29,34,25,0,0,0,1059.0
2025-04-18,오징어튀김,5.57,5,8.8,봄,35,24,26,29,34,25,0,0,0,330.0
2025-04-21,오이김치,9.62,1,13.1,봄,33,28,27,30,34,27,0,0,0,2268.0
2025-04-21,해물탕,3.04,5,13.1,봄,33,28,27,30,34,27,0,0,0,240.0
2025-04-21,콩나물무침,9.89,2,13.1,봄,33,28,27,30,34,27,0,0,0,1884.0
2025-04-21,비름나물,7.18,5,13.1,봄,33,28,27,30,34,27,0,0,0,429.0
2025-04-21,해물파전,3.66,2,13.1,봄,33,28,27,30,34,27,0,0,0,762.0
2025-04-22,노각무침,3.77,3,11.4,봄,28,21,25,25,31,20,0,1,0,603.0
2025-04-22,닭다리구이,4.75,1,11.4,봄,28,21,25,25,31,20,0,1,0,1164.0
2025-04-22,소불고기,4.175,1,11.4,봄,28,21,25,25,31,20,0,1,0,1035.0
2025-04-22,현미밥,4.66,1,11.4,봄,28,21,25,25,31,20,0,1,0,1143.0
2025-04-22,해물탕,2.405,5,11.4,봄,28,21,25,25,31,20,0,1,0,204.0
2025-04-23,잡채,8.38,4,13.1,봄,27,29,35,29,33,22,0,0,0,858.0
2025-04-23,오이소박이,9.89,5,13.1,봄,27,29,35,29,33,22,0,0,0,549.0
2025-04-23,백김치,3.63,3,13.1,봄,27,29,35,29,33,22,0,0,0,594.0
2025-04-23,깻잎찜,8.88,5,13.1,봄,27,29,35,29,33,22,0,0,0,504.0
2025-04-23,단무지무침,6.36,3,13.1,봄,27,29,35,29,33,22,0,0,0,963.0
2025-04-24,북어국,6.64,1,11.9,봄,28,25,25,26,32,24,0,0,1,1992.0
2025-04-24,모닝빵,5.32,3,11.9,봄,28,25,25,26,32,24,0,0,1,1416.0
2025-04-24,무나물,3.31,1,11.9,봄,28,25,25,26,32,24,0,0,1,993.0
2025-04-24,절편,6.63,2,11.9,봄,28,25,25,26,32,24,0,0,1,1890.0
2025-04-24,미트볼조림,7.54,1,11.9,봄,28,25,25,26,32,24,0,0,1,2262.0
2025-04-25,육개장,6.95,3,11.8,봄,26,23,29,26,28,29,0,0,0,1035.0
2025-04-25,어묵볶음,8.61,2,11.8,봄,26,23,29,26,28,29,0,0,0,1647.0
2025-04-25,소시지볶음,9.6,1,11.8,봄,26,23,29,26,28,29,0,0,0,2256.0
2025-04-25,보리밥,5.32,4,11.8,봄,26,23,29,26,28,29,0,0,0,576.0
2025-04-25,달걀말이,4.69,3,11.8,봄,26,23,29,26,28,29,0,0,0,729.0
2025-04-28,흑미밥,8.6,4,13.4,봄,35,20,32,23,34,26,0,0,1,1479.0
2025-04-28,유채나물,5.84,3,13.4,봄,35,20,32,23,34,26,0,0,1,1494.0
2025-04-28,팔보채,4.45,5,13.4,봄,35,20,32,23,34,26,0,0,1,906.0
2025-04-28,돼지갈비찜,6.13,4,13.4,봄,35,20,32,23,34,26,0,0,1,1257.0
2025-04-28,백김치,5.77,4,13.4,봄,35,20,32,23,34,26,0,0,1,1227.0
2025-04-29,쌀밥,8.28,4,10.0,봄,28,21,29,25,25,24,0,0,0,831.0
2025-04-29,짜장면,8.13,5,10.0,봄,28,21,29,25,25,24,0,0,0,453.0
2025-04-29,총각김치,5.86,3,10.0,봄,28,21,29,25,25,24,0,0,0,879.0
2025-04-29,골뱅이무침,7.97,5,10.0,봄,28,21,29,25,25,24,0,0,0,447.0
2025-04-29,식혜,5.37,3,10.0,봄,28,21,29,25,25,24,0,0,0,813.0
2025-04-30,물냉면,5.34,4,12.6,봄,25,22,28,30,30,30,0,0,0,582.0
2025-04-30,재첩국,9.42,4,12.6,봄,25,22,28,30,30,30,0,0,0,951.0
2025-04-30,백김치,5.33,4,12.6,봄,25,22,28,30,30,30,0,0,0,582.0
2025-04-30,현미밥,5.98,4,12.6,봄,25,22,28,30,30,30,0,0,0,639.0
2025-04-30,핫도그,5.43,4,12.6,봄,25,22,28,30,30,30,0,0,0,591.0
2025-05-01,시금치나물,6.8,3,12.8,봄,28,25,29,30,31,20,0,0,0,1020.0
2025-05-01,고등어구이,3.67,2,12.8,봄,28,25,29,30,31,20,0,0,0,765.0
2025-05-01,미트볼조림,5.96,4,12.8,봄,28,25,29,30,31,20,0,0,0,639.0
2025-05-01,돼지고기볶음,9.34,3,12.8,봄,28,25,29,30,31,20,0,0,0,1365.0
2025-05-01,파래무침,7.26,3,12.8,봄,28,25,29,30,31,20,0,0,0,1083.0
2025-05-02,보쌈김치,4.0,4,12.1,봄,31,27,26,29,27,26,0,0,0,459.0
2025-05-02,소시지볶음,9.4,1,12.1,봄,31,27,26,29,27,26,0,0,0,2214.0
2025-05-02,쌀국수,3.0,2,12.1,봄,31,27,26,29,27,26,0,0,0,639.0
2025-05-02,단무지,3.85,4,12.1,봄,31,27,26,29,27,26,0,0,0,444.0
2025-05-02,치즈볼,3.96,4,12.1,봄,31,27,26,29,27,26,0,0,0,456.0
2025-05-05,옥수수밥,7.8,2,11.8,봄,28,30,25,24,31,30,0,0,0,1500.0
2025-05-05,숙주나물,3.67,1,11.8,봄,28,30,25,24,31,30,0,0,0,924.0
2025-05-05,닭곰탕,4.51,4,11.8,봄,28,30,25,24,31,30,0,0,0,504.0
2025-05-05,유채나물,4.6,2,11.8,봄,28,30,25,24,31,30,0,0,0,924.0
2025-05-05,삼계탕,8.9,2,11.8,봄,28,30,25,24,31,30,0,0,0,1698.0
2025-05-06,기장밥,4.78,1,11.7,봄,28,21,25,26,34,30,0,0,1,1434.0
2025-05-06,감자전,7.96,3,11.7,봄,28,21,25,26,34,30,0,0,1,1770.0
2025-05-06,무말랭이무침,5.18,4,11.7,봄,28,21,25,26,34,30,0,0,1,1164.0
2025-05-06,비름나물,8.62,3,11.7,봄,28,21,25,26,34,30,0,0,1,1860.0
2025-05-06,열무김치,3.33,5,11.7,봄,28,21,25,26,34,30,0,0,1,846.0
2025-05-07,식빵튀김,5.09,2,14.8,봄,30,26,35,26,27,25,0,0,0,1032.0
2025-05-07,검정콩밥,6.28,5,14.8,봄,30,26,35,26,27,25,0,0,0,396.0
2025-05-07,잡곡밥,5.08,5,14.8,봄,30,26,35,26,27,25,0,0,0,342.0
2025-05-07,느타리버섯볶음,8.44,5,14.8,봄,30,26,35,26,27,25,0,0,0,495.0
2025-05-07,나박김치,9.12,5,14.8,봄,30,26,35,26,27,25,0,0,0,525.0
2025-05-08,무나물,3.36,4,13.7,봄,31,26,29,30,32,27,0,0,0,411.0
2025-05-08,해물탕,9.3,5,13.7,봄,31,26,29,30,32,27,0,0,0,528.0
2025-05-08,바지락 미역국,7.05,4,13.7,봄,31,26,29,30,32,27,0,0,0,744.0
2025-05-08,검정콩밥,9.73,1,13.7,봄,31,26,29,30,32,27,0,0,0,2298.0
2025-05-08,돼지고기볶음,7.41,5,13.7,봄,31,26,29,30,32,27,0,0,0,441.0
2025-05-09,해물콩나물찜,9.03,3,10.2,봄,34,29,27,20,31,30,0,0,1,1908.0
2025-05-09,꼬리곰탕,3.24,5,10.2,봄,34,29,27,20,31,30,0,0,1,834.0
2025-05-09,해물파전,9.61,2,10.2,봄,34,29,27,20,31,30,0,0,1,2418.0
2025-05-09,식빵튀김,3.64,2,10.2,봄,34,29,27,20,31,30,0,0,1,1092.0
2025-05-09,하이라이스,8.05,2,10.2,봄,34,29,27,20,31,30,0,0,1,2136.0
2025-05-12,감자튀김,5.29,1,9.8,봄,30,23,35,21,31,27,0,0,0,1275.0
2025-05-12,핫도그,3.13,5,9.8,봄,30,23,35,21,31,27,0,0,0,228.0
2025-05-12,총각김치,8.49,1,9.8,봄,30,23,35,21,31,27,0,0,0,1995.0
2025-05-12,노각무침,3.18,2,9.8,봄,30,23,35,21,31,27,0,0,0,657.0
2025-05-12,군만두,4.86,2,9.8,봄,30,23,35,21,31,27,0,0,0,960.0
2025-05-13,고등어구이,3.29,2,16.9,봄,25,22,26,21,26,25,0,0,1,987.0
2025-05-13,어묵볶음,4.11,3,16.9,봄,25,22,26,21,26,25,0,0,1,1233.0
2025-05-13,닭죽,5.73,4,16.9,봄,25,22,26,21,26,25,0,0,1,1242.0
2025-05-13,완자전,7.55,5,16.9,봄,25,22,26,21,26,25,0,0,1,1065.0
2025-05-13,느타리버섯볶음,7.7,1,16.9,봄,25,22,26,21,26,25,0,0,1,2310.0
2025-05-14,옥수수밥,4.35,4,9.6,봄,29,30,27,26,29,28,0,0,0,477.0
2025-05-14,모닝빵,4.47,1,9.6,봄,29,30,27,26,29,28,0,0,0,1089.0
2025-05-14,꽃게탕,7.61,3,9.6,봄,29,30,27,26,29,28,0,0,0,1113.0
2025-05-14,해물탕,9.58,4,9.6,봄,29,30,27,26,29,28,0,0,0,948.0
2025-05-14,피자,6.82,1,9.6,봄,29,30,27,26,29,28,0,0,0,1620.0
2025-05-15,가자미튀김,8.02,4,14.2,봄,34,21,25,24,29,28,1,0,0,534.0
2025-05-15,숙주나물,8.38,5,14.2,봄,34,21,25,24,29,28,1,0,0,189.0
2025-05-15,미트볼조림,6.57,3,14.2,봄,34,21,25,24,29,28,1,0,0,699.0
2025-05-15,떡국,5.34,5,14.2,봄,34,21,25,24,29,28,1,0,0,51.0
2025-05-15,치즈볼,6.27,2,14.2,봄,34,21,25,24,29,28,1,0,0,939.0
2025-05-16,꿀떡,9.26,3,12.0,봄,28,23,25,20,33,27,0,0,0,1350.0
2025-05-16,삼계탕,7.78,5,12.0,봄,28,23,25,20,33,27,0,0,0,450.0
2025-05-16,굴비구이,3.4,2,12.0,봄,28,23,25,20,33,27,0,0,0,711.0
2025-05-16,떡볶이,5.66,4,12.0,봄,28,23,25,20,33,27,0,0,0,609.0
2025-05-16,임연수구이,9.25,4,12.0,봄,28,23,25,20,33,27,0,0,0,930.0
2025-05-19,폭찹,9.36,3,12.6,봄,27,20,31,28,29,25,0,0,0,1365.0
2025-05-19,닭꼬치구이,6.75,4,12.6,봄,27,20,31,28,29,25,0,0,0,708.0
2025-05-19,호박전,3.54,4,12.6,봄,27,20,31,28,29,25,0,0,0,420.0
2025-05-19,비름나물,6.61,4,12.6,봄,27,20,31,28,29,25,0,0,0,696.0
2025-05-19,돼지고기볶음,8.26,4,12.6,봄,27,20,31,28,29,25,0,0,0,846.0
2025-05-20,검정콩밥,3.77,3,9.7,봄,35,23,31,28,32,27,0,0,1,1131.0
2025-05-20,돼지고기볶음,3.25,5,9.7,봄,35,23,31,28,32,27,0,0,1,831.0
2025-05-20,함박스테이크,6.63,3,9.7,봄,35,23,31,28,32,27,0,0,1,1581.0
2025-05-20,유채나물,7.97,5,9.7,봄,35,23,31,28,32,27,0,0,1,1044.0
2025-05-20,미트볼조림,4.44,4,9.7,봄,35,23,31,28,32,27,0,0,1,1086.0
2025-05-21,마라탕,3.41,3,11.1,봄,33,25,25,22,27,22,0,0,0,555.0
2025-05-21,파래무침,10.0,2,11.1,봄,33,25,25,22,27,22,0,0,0,1893.0
2025-05-21,열무김치,4.95,2,11.1,봄,33,25,25,22,27,22,0,0,0,984.0
2025-05-21,크로와상,6.14,2,11.1,봄,33,25,25,22,27,22,0,0,0,1197.0
2025-05-21,유채나물,7.44,1,11.1,봄,33,25,25,22,27,22,0,0,0,1767.0
2025-05-22,잔치국수,6.1,2,13.7,봄,29,25,33,22,28,28,0,0,0,1206.0
2025-05-22,모닝빵,7.6,3,13.7,봄,29,25,33,22,28,28,0,0,0,1134.0
2025-05-22,유채나물,9.44,3,13.7,봄,29,25,33,22,28,28,0,0,0,1383.0
2025-05-22,고추잡채,6.55,1,13.7,봄,29,25,33,22,28,28,0,0,0,1581.0
2025-05-22,오이소박이,7.6,4,13.7,봄,29,25,33,22,28,28,0,0,0,792.0
2025-05-23,식빵튀김,6.71,2,13.3,봄,34,23,25,30,30,27,0,0,0,1314.0
2025-05-23,삼겹살구이,9.0,3,13.3,봄,34,23,25,30,30,27,0,0,0,1320.0
2025-05-23,새우튀김,3.92,5,13.3,봄,34,23,25,30,30,27,0,0,0,282.0
2025-05-23,계란빵,7.07,5,13.3,봄,34,23,25,30,30,27,0,0,0,423.0
2025-05-23,미트볼조림,6.43,3,13.3,봄,34,23,25,30,30,27,0,0,0,975.0
2025-05-26,콘치즈구이,3.44,3,8.4,봄,29,24,34,26,26,28,0,0,0,543.0
2025-05-26,떡국,6.08,5,8.4,봄,29,24,34,26,26,28,0,0,0,351.0
2025-05-26,순대,3.39,4,8.4,봄,29,24,34,26,26,28,0,0,0,384.0
2025-05-26,새우튀김,7.89,3,8.4,봄,29,24,34,26,26,28,0,0,0,1143.0
2025-05-26,재첩국,8.65,2,8.4,봄,29,24,34,26,26,28,0,0,0,1635.0
2025-05-27,느타리버섯볶음,9.87,1,10.6,봄,32,22,28,21,29,24,0,0,0,2310.0
2025-05-27,오징어무침,5.07,5,10.6,봄,32,22,28,21,29,24,0,0,0,318.0
2025-05-27,불낙전골,4.71,5,10.6,봄,32,22,28,21,29,24,0,0,0,303.0
2025-05-27,새우전,5.83,1,10.6,봄,32,22,28,21,29,24,0,0,0,1401.0
2025-05-27,콩비지찌개,7.91,4,10.6,봄,32,22,28,21,29,24,0,0,0,801.0
2025-05-28,닭볶음,6.64,2,8.5,봄,35,25,27,25,34,30,0,0,0,1275.0
2025-05-28,오리불고기,6.97,1,8.5,봄,35,25,27,25,34,30,0,0,0,1647.0
2025-05-28,두부김치,6.95,4,8.5,봄,35,25,27,25,34,30,0,0,0,705.0
2025-05-28,오므라이스,6.29,5,8.5,봄,35,25,27,25,34,30,0,0,0,363.0
2025-05-28,삼계탕,4.65,1,8.5,봄,35,25,27,25,34,30,0,0,0,1125.0
2025-05-29,스크램블드에그,6.29,4,11.9,봄,31,26,25,24,28,20,0,0,0,663.0
2025-05-29,유채나물,5.18,1,11.9,봄,31,26,25,24,28,20,0,0,0,1263.0
2025-05-29,닭다리구이,7.9,5,11.9,봄,31,26,25,24,28,20,0,0,0,453.0
2025-05-29,꿀떡,3.55,1,11.9,봄,31,26,25,24,28,20,0,0,0,897.0
2025-05-29,삼치구이,5.12,4,11.9,봄,31,26,25,24,28,20,0,0,0,558.0
2025-05-30,새송이버섯전,6.44,4,12.4,봄,29,21,28,27,34,23,0,0,0,681.0
2025-05-30,닭튀김,5.32,3,12.4,봄,29,21,28,27,34,23,0,0,0,819.0
2025-05-30,닭곰탕,4.8,4,12.4,봄,29,21,28,27,34,23,0,0,0,534.0
2025-05-30,메밀소바,8.22,1,12.4,봄,29,21,28,27,34,23,0,0,0,1950.0
2025-05-30,버섯전,7.29,3,12.4,봄,29,21,28,27,34,23,0,0,0,1086.0
2025-06-02,시금치나물,7.3,2,26.8,여름,28,23,34,29,28,27,0,0,0,1542.0
2025-06-02,부대찌개,9.27,4,26.8,여름,28,23,34,29,28,27,0,0,0,1062.0
2025-06-02,햄전,9.81,5,26.8,여름,28,23,34,29,28,27,0,0,0,669.0
2025-06-02,감자전,3.84,5,26.8,여름,28,23,34,29,28,27,0,0,0,399.0
2025-06-02,잔치국수,5.17,5,26.8,여름,28,23,34,29,28,27,0,0,0,459.0
2025-06-03,흑미밥,8.96,3,27.7,여름,33,26,31,24,34,24,0,0,1,2040.0
2025-06-03,버섯전,4.6,4,27.7,여름,33,26,31,24,34,24,0,0,1,1245.0
2025-06-03,임연수구이,3.17,2,27.7,여름,33,26,31,24,34,24,0,0,1,951.0
2025-06-03,곤드레밥,7.81,3,27.7,여름,33,26,31,24,34,24,0,0,1,1887.0
2025-06-03,콩나물무침,9.46,4,27.7,여름,33,26,31,24,34,24,0,0,1,1683.0
2025-06-04,돌나물무침,4.925,4,25.5,여름,34,25,29,24,27,25,0,1,0,663.0
2025-06-04,마늘쫑볶음,4.705,5,25.5,여름,34,25,29,24,27,25,0,1,0,432.0
2025-06-04,하이라이스,3.99,5,25.5,여름,34,25,29,24,27,25,0,1,0,399.0
2025-06-04,오리불고기,1.795,3,25.5,여름,34,25,29,24,27,25,0,1,0,462.0
2025-06-04,불낙전골,4.91,1,25.5,여름,34,25,29,24,27,25,0,1,0,1326.0
2025-06-05,해물콩나물찜,1.545,5,25.8,여름,34,25,32,30,26,22,0,1,0,291.0
2025-06-05,설렁탕,4.78,4,25.8,여름,34,25,32,30,26,22,0,1,0,651.0
2025-06-05,콩나물잡채,2.345,4,25.8,여름,34,25,32,30,26,22,0,1,0,432.0
2025-06-05,치즈볼,2.4,4,25.8,여름,34,25,32,30,26,22,0,1,0,438.0
2025-06-05,검정콩밥,1.5,2,25.8,여름,34,25,32,30,26,22,0,1,0,450.0
2025-06-06,닭강정,2.275,5,26.6,여름,28,29,25,27,29,20,0,1,0,327.0
2025-06-06,오므라이스,2.07,2,26.6,여름,28,29,25,27,29,20,0,1,0,597.0
2025-06-06,햄전,2.975,4,26.6,여름,28,29,25,27,29,20,0,1,0,492.0
2025-06-06,어묵국,3.585,3,26.6,여름,28,29,25,27,29,20,0,1,0,711.0
2025-06-06,하이라이스,3.225,4,26.6,여름,28,29,25,27,29,20,0,1,0,516.0
2025-06-09,설렁탕,5.88,2,26.8,여름,26,27,35,26,27,20,0,0,0,1284.0
2025-06-09,호박전,5.06,3,26.8,여름,26,27,35,26,27,20,0,0,0,909.0
2025-06-09,깻잎김치,5.16,1,26.8,여름,26,27,35,26,27,20,0,0,0,1389.0
2025-06-09,식빵튀김,6.29,1,26.8,여름,26,27,35,26,27,20,0,0,0,1641.0
2025-06-09,재첩국,4.71,4,26.8,여름,26,27,35,26,27,20,0,0,0,651.0
2025-06-10,파래무침,7.33,4,27.1,여름,33,27,35,29,31,25,0,0,0,888.0
2025-06-10,피자,9.9,3,27.1,여름,33,27,35,29,31,25,0,0,0,1566.0
2025-06-10,쌀밥,9.03,1,27.1,여름,33,27,35,29,31,25,0,0,0,2259.0
2025-06-10,완두콩밥,5.84,4,27.1,여름,33,27,35,29,31,25,0,0,0,753.0
2025-06-10,닭다리조림,3.71,1,27.1,여름,33,27,35,29,31,25,0,0,0,1062.0
2025-06-11,돼지갈비찜,8.52,4,28.2,여름,25,29,28,22,29,27,0,0,1,1602.0
2025-06-11,육개장,7.67,3,28.2,여름,25,29,28,22,29,27,0,0,1,1869.0
2025-06-11,기장밥,6.04,2,28.2,여름,25,29,28,22,29,27,0,0,1,1812.0
2025-06-11,고추잡채,9.17,5,28.2,여름,25,29,28,22,29,27,0,0,1,1245.0
2025-06-11,깻잎찜,5.04,3,28.2,여름,25,29,28,22,29,27,0,0,1,1512.0
2025-06-12,꼬리곰탕,3.7,3,29.3,여름,32,25,29,27,26,20,0,0,0,738.0
2025-06-12,부추무침,4.9,4,29.3,여름,32,25,29,27,26,20,0,0,0,681.0
2025-06-12,비빔밥,9.21,1,29.3,여름,32,25,29,27,26,20,0,0,0,2313.0
2025-06-12,두부김치,4.85,3,29.3,여름,32,25,29,27,26,20,0,0,0,894.0
2025-06-12,기장밥,5.78,5,29.3,여름,32,25,29,27,26,20,0,0,0,501.0
2025-06-13,가자미구이,5.94,1,23.4,여름,35,23,26,25,31,26,0,0,0,1545.0
2025-06-13,돼지갈비찜,8.64,2,23.4,여름,35,23,26,25,31,26,0,0,0,1764.0
2025-06-13,오이생채,9.36,3,23.4,여름,35,23,26,25,31,26,0,0,0,1473.0
2025-06-13,배추김치,5.87,1,23.4,여름,35,23,26,25,31,26,0,0,0,1530.0
2025-06-13,쌀밥,4.91,1,23.4,여름,35,23,26,25,31,26,0,0,0,1314.0
2025-06-16,김치전,5.92,3,29.6,여름,33,22,35,28,35,28,0,0,0,1041.0
2025-06-16,삼계탕,9.99,5,29.6,여름,33,22,35,28,35,28,0,0,0,690.0
2025-06-16,무말랭이무침,4.8,5,29.6,여름,33,22,35,28,35,28,0,0,0,456.0
2025-06-16,옥수수밥,9.22,3,29.6,여름,33,22,35,28,35,28,0,0,0,1485.0
2025-06-16,비빔밥,4.02,1,29.6,여름,33,22,35,28,35,28,0,0,0,1146.0
2025-06-17,짜장면,6.82,1,28.8,여름,28,22,34,26,34,21,0,0,0,1770.0
2025-06-17,완자전,7.21,3,28.8,여름,28,22,34,26,34,21,0,0,0,1209.0
2025-06-17,나박김치,8.41,5,28.8,여름,28,22,34,26,34,21,0,0,0,615.0
2025-06-17,부추전,9.6,2,28.8,여름,28,22,34,26,34,21,0,0,0,1965.0
2025-06-17,메밀소바,4.23,4,28.8,여름,28,22,34,26,34,21,0,0,0,618.0
2025-06-18,달걀말이,9.57,5,29.7,여름,27,27,27,20,31,29,0,0,0,672.0
2025-06-18,재첩국,6.4,2,29.7,여름,27,27,27,20,31,29,0,0,0,1392.0
2025-06-18,스파게티,6.68,5,29.7,여름,27,27,27,20,31,29,0,0,0,543.0
2025-06-18,폭찹,3.09,4,29.7,여름,27,27,27,20,31,29,0,0,0,519.0
2025-06-18,총각김치,5.24,2,29.7,여름,27,27,27,20,31,29,0,0,0,1185.0
2025-06-19,삼계탕,6.87,1,25.4,여름,34,24,32,29,35,23,0,0,0,1764.0
2025-06-19,부대찌개,5.45,1,25.4,여름,34,24,32,29,35,23,0,0,0,1446.0
2025-06-19,닭강정,3.76,2,25.4,여름,34,24,32,29,35,23,0,0,0,897.0
2025-06-19,콩나물무침,3.52,4,25.4,여름,34,24,32,29,35,23,0,0,0,537.0
2025-06-19,고등어구이,8.97,4,25.4,여름,34,24,32,29,35,23,0,0,0,1026.0
2025-06-20,김치국,5.62,4,23.3,여름,26,24,26,27,27,20,0,0,0,714.0
2025-06-20,애호박나물,4.78,2,23.3,여름,26,24,26,27,27,20,0,0,0,1068.0
2025-06-20,닭튀김,7.88,3,23.3,여름,26,24,26,27,27,20,0,0,0,1272.0
2025-06-20,오이김치,5.22,1,23.3,여름,26,24,26,27,27,20,0,0,0,1383.0
2025-06-20,떡만두국,6.83,2,23.3,여름,26,24,26,27,27,20,0,0,0,1437.0
2025-06-23,삼겹살구이,5.06,2,26.3,여름,27,25,28,24,33,23,0,0,0,1134.0
2025-06-23,꼬리곰탕,8.11,2,26.3,여름,27,25,28,24,33,23,0,0,0,1683.0
2025-06-23,물냉면,8.33,4,26.3,여름,27,25,28,24,33,23,0,0,0,975.0
2025-06-23,오이생채,7.14,1,26.3,여름,27,25,28,24,33,23,0,0,0,1830.0
2025-06-23,귀리밥,6.61,5,26.3,여름,27,25,28,24,33,23,0,0,0,522.0
2025-06-24,육개장,3.12,5,26.2,여름,29,28,34,29,34,21,0,0,0,363.0
2025-06-24,닭죽,3.48,4,26.2,여름,29,28,34,29,34,21,0,0,0,537.0
2025-06-24,섞박지,7.42,5,26.2,여름,29,28,34,29,34,21,0,0,0,558.0
2025-06-24,가자미튀김,3.5,5,26.2,여름,29,28,34,29,34,21,0,0,0,381.0
2025-06-24,쌀밥,8.66,3,26.2,여름,29,28,34,29,34,21,0,0,0,1392.0
2025-06-25,카레라이스,8.48,1,28.4,여름,28,27,26,29,34,25,0,0,1,2544.0
2025-06-25,부추전,7.67,1,28.4,여름,28,27,26,29,34,25,0,0,1,2301.0
2025-06-25,어묵볶음,7.97,2,28.4,여름,28,27,26,29,34,25,0,0,1,2268.0
2025-06-25,단무지무침,3.06,4,28.4,여름,28,27,26,29,34,25,0,0,1,918.0
2025-06-25,스크램블드에그,6.62,5,28.4,여름,28,27,26,29,34,25,0,0,1,1134.0
2025-06-26,군만두,4.34,5,29.3,여름,35,27,30,23,33,24,0,0,0,435.0
2025-06-26,애호박전,4.76,1,29.3,여름,35,27,30,23,33,24,0,0,0,1311.0
2025-06-26,차조밥,5.63,3,29.3,여름,35,27,30,23,33,24,0,0,0,999.0
2025-06-26,쌀국수,9.77,1,29.3,여름,35,27,30,23,33,24,0,0,0,2439.0
2025-06-26,버섯전,8.3,3,29.3,여름,35,27,30,23,33,24,0,0,0,1359.0
2025-06-27,애호박전,4.36,1,26.6,여름,33,29,26,20,29,21,0,0,1,1308.0
2025-06-27,귀리밥,9.29,1,26.6,여름,33,29,26,20,29,21,0,0,1,2787.0
2025-06-27,탕수육,7.89,1,26.6,여름,33,29,26,20,29,21,0,0,1,2367.0
2025-06-27,된장찌개,5.71,4,26.6,여름,33,29,26,20,29,21,0,0,1,1341.0
2025-06-27,삼치구이,3.95,3,26.6,여름,33,29,26,20,29,21,0,0,1,1185.0
2025-06-30,나박김치,8.75,5,24.7,여름,29,26,32,22,31,22,0,0,0,609.0
2025-06-30,탕수육,5.76,3,24.7,여름,29,26,32,22,31,22,0,0,0,993.0
2025-06-30,닭다리조림,8.16,3,24.7,여름,29,26,32,22,31,22,0,0,0,1317.0
2025-06-30,연근조림,6.11,4,24.7,여름,29,26,32,22,31,22,0,0,0,765.0
2025-06-30,마늘빵,6.38,5,24.7,여름,29,26,32,22,31,22,0,0,0,504.0
2025-07-01,부추전,4.04,4,22.1,여름,34,25,26,21,25,25,0,0,0,567.0
2025-07-01,감자튀김,9.47,4,22.1,여름,34,25,26,21,25,25,0,0,0,1056.0
2025-07-01,미숫가루,7.94,1,22.1,여름,34,25,26,21,25,25,0,0,0,1989.0
2025-07-01,갈비탕,8.46,3,22.1,여름,34,25,26,21,25,25,0,0,0,1344.0
2025-07-01,새송이버섯전,5.13,3,22.1,여름,34,25,26,21,25,25,0,0,0,894.0
2025-07-02,핫도그,4.02,5,26.8,여름,31,29,27,27,30,22,0,0,1,1008.0
2025-07-02,노각무침,4.42,4,26.8,여름,31,29,27,27,30,22,0,0,1,1224.0
2025-07-02,잡곡밥,7.67,4,26.8,여름,31,29,27,27,30,22,0,0,1,1518.0
2025-07-02,완자전,9.57,5,26.8,여름,31,29,27,27,30,22,0,0,1,1257.0
2025-07-02,오징어무침,8.04,2,26.8,여름,31,29,27,27,30,22,0,0,1,2274.0
2025-07-03,어묵국,5.72,1,28.4,여름,32,28,31,23,27,26,0,0,0,1521.0
2025-07-03,청국장찌개,4.63,1,28.4,여름,32,28,31,23,27,26,0,0,0,1278.0
2025-07-03,부추전,9.22,4,28.4,여름,32,28,31,23,27,26,0,0,0,1065.0
2025-07-03,비빔밥,5.54,1,28.4,여름,32,28,31,23,27,26,0,0,0,1482.0
2025-07-03,무생채,3.86,2,28.4,여름,32,28,31,23,27,26,0,0,0,930.0
2025-07-04,오이부추무침,9.51,5,29.5,여름,29,29,34,30,35,30,0,0,1,1269.0
2025-07-04,미숫가루,3.61,5,29.5,여름,29,29,34,30,35,30,0,0,1,1002.0
2025-07-04,어묵국,3.84,1,29.5,여름,29,29,34,30,35,30,0,0,1,1152.0
2025-07-04,해물탕,9.21,2,29.5,여름,29,29,34,30,35,30,0,0,1,2499.0
2025-07-04,백김치,8.18,5,29.5,여름,29,29,34,30,35,30,0,0,1,1209.0
2025-07-07,새우전,6.83,3,28.2,여름,35,26,35,20,28,21,0,0,1,1755.0
2025-07-07,마늘쫑볶음,9.1,4,28.2,여름,35,26,35,20,28,21,0,0,1,1653.0
2025-07-07,오징어무침,4.76,2,28.2,여름,35,26,35,20,28,21,0,0,1,1428.0
2025-07-07,오이지무침,9.47,4,28.2,여름,35,26,35,20,28,21,0,0,1,1686.0
2025-07-07,무나물,4.23,4,28.2,여름,35,26,35,20,28,21,0,0,1,1215.0
2025-07-08,단무지,3.81,4,25.4,여름,33,23,31,29,28,20,0,0,0,561.0
2025-07-08,쫄면,3.87,1,25.4,여름,33,23,31,29,28,20,0,0,0,1089.0
2025-07-08,김말이튀김,3.61,5,25.4,여름,33,23,31,29,28,20,0,0,0,381.0
2025-07-08,완두콩밥,6.63,5,25.4,여름,33,23,31,29,28,20,0,0,0,519.0
2025-07-08,새우전,6.54,5,25.4,여름,33,23,31,29,28,20,0,0,0,513.0
2025-07-09,꼬리곰탕,9.28,4,26.8,여름,33,29,35,24,35,23,0,0,0,1062.0
2025-07-09,노각무침,8.85,4,26.8,여름,33,29,35,24,35,23,0,0,0,1023.0
2025-07-09,어묵볶음,3.11,1,26.8,여름,33,29,35,24,35,23,0,0,0,927.0
2025-07-09,귀리밥,5.93,2,26.8,여름,33,29,35,24,35,23,0,0,0,1293.0
2025-07-09,돼지갈비찜,9.58,5,26.8,여름,33,29,35,24,35,23,0,0,0,657.0
2025-07-10,떡만두국,7.73,5,29.1,여름,29,28,34,23,27,27,0,0,0,585.0
2025-07-10,메밀소바,9.24,1,29.1,여름,29,28,34,23,27,27,0,0,0,2316.0
2025-07-10,미트볼조림,4.76,3,29.1,여름,29,28,34,23,27,27,0,0,0,882.0
2025-07-10,임연수구이,6.95,3,29.1,여름,29,28,34,23,27,27,0,0,0,1176.0
2025-07-10,곤드레밥,5.68,5,29.1,여름,29,28,34,23,27,27,0,0,0,495.0
2025-07-11,닭강정,4.05,1,26.9,여름,29,22,26,30,28,25,0,0,0,1137.0
2025-07-11,시금치나물,9.82,5,26.9,여름,29,22,26,30,28,25,0,0,0,669.0
2025-07-11,옥수수밥,8.0,2,26.9,여름,29,22,26,30,28,25,0,0,0,1668.0
2025-07-11,쌀밥,4.07,4,26.9,여름,29,22,26,30,28,25,0,0,0,594.0
2025-07-11,느타리버섯볶음,6.31,4,26.9,여름,29,22,26,30,28,25,0,0,0,795.0
2025-07-14,오징어튀김,5.26,2,31.8,여름,30,26,29,27,30,28,0,0,0,1200.0
2025-07-14,마늘빵,4.83,5,31.8,여름,30,26,29,27,30,28,0,0,0,471.0
2025-07-14,혼합잡곡밥,3.34,3,31.8,여름,30,26,29,27,30,28,0,0,0,702.0
2025-07-14,물냉면,6.55,3,31.8,여름,30,26,29,27,30,28,0,0,0,1137.0
2025-07-14,돼지고기볶음,8.48,1,31.8,여름,30,26,29,27,30,28,0,0,0,2160.0
2025-08-18,탕수육,3.98,5,27.4,여름,35,26,32,28,27,25,0,0,0,408.0
2025-08-18,유채나물,4.83,3,27.4,여름,35,26,32,28,27,25,0,0,0,882.0
2025-08-18,느타리버섯볶음,6.61,1,27.4,여름,35,26,32,28,27,25,0,0,0,1716.0
2025-08-18,깻잎김치,7.88,1,27.4,여름,35,26,32,28,27,25,0,0,0,2004.0
2025-08-18,닭튀김,4.18,2,27.4,여름,35,26,32,28,27,25,0,0,0,981.0
2025-08-19,꿀떡,7.84,3,27.1,여름,33,22,27,25,26,22,0,0,0,1287.0
2025-08-19,김말이튀김,9.35,3,27.1,여름,33,22,27,25,26,22,0,0,0,1491.0
2025-08-19,북어국,3.08,4,27.1,여름,33,22,27,25,26,22,0,0,0,504.0
2025-08-19,오이김치,5.33,4,27.1,여름,33,22,27,25,26,22,0,0,0,708.0
2025-08-19,닭죽,9.42,2,27.1,여름,33,22,27,25,26,22,0,0,0,1923.0
2025-08-20,오이부추무침,9.56,4,28.7,여름,35,20,26,25,25,26,0,0,0,1098.0
2025-08-20,단무지무침,4.77,2,28.7,여름,35,20,26,25,25,26,0,0,0,1095.0
2025-08-20,임연수구이,5.92,3,28.7,여름,35,20,26,25,25,26,0,0,0,1035.0
2025-08-20,잡곡밥,7.09,5,28.7,여름,35,20,26,25,25,26,0,0,0,555.0
2025-08-20,애호박전,4.17,3,28.7,여름,35,20,26,25,25,26,0,0,0,798.0
2025-08-21,임연수구이,9.36,4,26.9,여름,29,28,26,22,25,30,0,0,1,1671.0
2025-08-21,김치국,6.2,1,26.9,여름,29,28,26,22,25,30,0,0,1,1860.0
2025-08-21,비름나물,8.59,3,26.9,여름,29,28,26,22,25,30,0,0,1,1986.0
2025-08-21,오이부추무침,8.18,5,26.9,여름,29,28,26,22,25,30,0,0,1,1194.0
2025-08-21,콩나물잡채,7.72,1,26.9,여름,29,28,26,22,25,30,0,0,1,2316.0
2025-08-22,총각김치,5.06,3,27.6,여름,26,30,27,26,26,21,0,0,0,915.0
2025-08-22,무생채,9.68,5,27.6,여름,26,30,27,26,26,21,0,0,0,666.0
2025-08-22,꿀떡,7.68,1,27.6,여름,26,30,27,26,26,21,0,0,0,1959.0
2025-08-22,미숫가루,9.98,4,27.6,여름,26,30,27,26,26,21,0,0,0,1128.0
2025-08-22,비름나물,4.63,4,27.6,여름,26,30,27,26,26,21,0,0,0,648.0
2025-08-25,총각김치,4.11,5,23.3,여름,29,29,29,30,25,23,0,0,0,393.0
2025-08-25,단무지,4.37,1,23.3,여름,29,29,29,30,25,23,0,0,0,1191.0
2025-08-25,육개장,4.71,1,23.3,여름,29,29,29,30,25,23,0,0,0,1269.0
2025-08-25,부대찌개,4.6,1,23.3,여름,29,29,29,30,25,23,0,0,0,1245.0
2025-08-25,임연수구이,5.48,2,23.3,여름,29,29,29,30,25,23,0,0,0,1194.0
2025-08-26,마늘쫑볶음,5.25,3,26.7,여름,32,28,29,26,30,23,0,0,1,1536.0
2025-08-26,깍두기,3.0,1,26.7,여름,32,28,29,26,30,23,0,0,1,900.0
2025-08-26,제육볶음,4.12,4,26.7,여름,32,28,29,26,30,23,0,0,1,1197.0
2025-08-26,쌀밥,3.63,3,26.7,여름,32,28,29,26,30,23,0,0,1,1089.0
2025-08-26,삼계탕,5.25,5,26.7,여름,32,28,29,26,30,23,0,0,1,1062.0
2025-08-27,미숫가루,9.12,3,30.3,여름,30,26,30,25,29,22,0,0,0,1476.0
2025-08-27,가자미튀김,8.74,5,30.3,여름,30,26,30,25,29,22,0,0,0,639.0
2025-08-27,과일샐러드,3.29,1,30.3,여름,30,26,30,25,29,22,0,0,0,984.0
2025-08-27,감자전,9.91,3,30.3,여름,30,26,30,25,29,22,0,0,0,1581.0
2025-08-27,옥수수밥,5.91,4,30.3,여름,30,26,30,25,29,22,0,0,0,777.0
2025-08-28,바지락 미역국,8.36,2,27.7,여름,33,20,26,28,34,25,0,0,0,1737.0
2025-08-28,꽃게탕,5.03,1,27.7,여름,33,20,26,28,34,25,0,0,0,1362.0
2025-08-28,닭강정,3.04,4,27.7,여름,33,20,26,28,34,25,0,0,0,504.0
2025-08-28,기장밥,6.49,1,27.7,여름,33,20,26,28,34,25,0,0,0,1692.0
2025-08-28,콩나물국,9.3,3,27.7,여름,33,20,26,28,34,25,0,0,0,1488.0
2025-08-29,감자튀김,3.67,2,26.7,여름,26,21,26,29,28,22,0,0,1,1101.0
2025-08-29,떡볶이,7.56,5,26.7,여름,26,21,26,29,28,22,0,0,1,1167.0
2025-08-29,재첩국,9.24,5,26.7,여름,26,21,26,29,28,22,0,0,1,1242.0
2025-08-29,오이지무침,8.55,2,26.7,여름,26,21,26,29,28,22,0,0,1,2364.0
2025-08-29,북어국,7.8,2,26.7,여름,26,21,26,29,28,22,0,0,1,2229.0
2025-09-01,노각무침,8.77,3,17.9,가을,29,24,30,24,32,25,0,0,0,1290.0
2025-09-01,과일샐러드,7.03,4,17.9,가을,29,24,30,24,32,25,0,0,0,741.0
2025-09-01,굴비구이,7.74,1,17.9,가을,29,24,30,24,32,25,0,0,0,1848.0
2025-09-01,유채나물,7.03,3,17.9,가을,29,24,30,24,32,25,0,0,0,1056.0
2025-09-01,콩비지찌개,3.31,4,17.9,가을,29,24,30,24,32,25,0,0,0,405.0
2025-09-02,숙주나물,3.96,5,15.9,가을,27,28,30,24,29,30,0,0,0,273.0
2025-09-02,호박전,4.8,5,15.9,가을,27,28,30,24,29,30,0,0,0,312.0
2025-09-02,닭다리구이,4.72,4,15.9,가을,27,28,30,24,29,30,0,0,0,519.0
2025-09-02,돌나물무침,8.13,4,15.9,가을,27,28,30,24,29,30,0,0,0,828.0
2025-09-02,닭볶음,6.99,4,15.9,가을,27,28,30,24,29,30,0,0,0,726.0
2025-09-03,된장찌개,5.97,2,17.0,가을,33,24,34,23,35,30,0,0,0,1176.0
2025-09-03,콩비지찌개,9.12,1,17.0,가을,33,24,34,23,35,30,0,0,0,2154.0
2025-09-03,폭찹,4.69,4,17.0,가을,33,24,34,23,35,30,0,0,0,525.0
2025-09-03,잔치국수,4.99,4,17.0,가을,33,24,34,23,35,30,0,0,0,552.0
2025-09-03,노각무침,7.01,1,17.0,가을,33,24,34,23,35,30,0,0,0,1680.0
2025-09-04,삼계탕,7.49,1,17.5,가을,25,25,33,27,32,21,0,0,0,1791.0
2025-09-04,잔치국수,6.64,4,17.5,가을,25,25,33,27,32,21,0,0,0,702.0
2025-09-04,갈비탕,6.41,3,17.5,가을,25,25,33,27,32,21,0,0,0,969.0
2025-09-04,쌀국수,6.23,5,17.5,가을,25,25,33,27,32,21,0,0,0,384.0
2025-09-04,숙주나물,9.09,3,17.5,가을,25,25,33,27,32,21,0,0,0,1332.0
2025-09-05,백김치,6.16,3,17.9,가을,31,23,26,20,27,22,0,0,0,939.0
2025-09-05,소불고기,8.58,3,17.9,가을,31,23,26,20,27,22,0,0,0,1266.0
2025-09-05,김말이튀김,5.05,5,17.9,가을,31,23,26,20,27,22,0,0,0,336.0
2025-09-05,육개장,4.76,3,17.9,가을,31,23,26,20,27,22,0,0,0,750.0
2025-09-05,바지락 미역국,5.72,4,17.9,가을,31,23,26,20,27,22,0,0,0,621.0
2025-09-08,가자미구이,8.77,5,17.4,가을,26,30,28,20,30,24,0,0,0,498.0
2025-09-08,미트볼조림,6.94,3,17.4,가을,26,30,28,20,30,24,0,0,0,1041.0
2025-09-08,콘치즈구이,9.5,5,17.4,가을,26,30,28,20,30,24,0,0,0,531.0
2025-09-08,제육볶음,7.99,4,17.4,가을,26,30,28,20,30,24,0,0,0,822.0
2025-09-08,바지락 미역국,9.18,5,17.4,가을,26,30,28,20,30,24,0,0,0,516.0
2025-09-09,크로와상,9.72,1,16.9,가을,29,25,30,30,28,30,0,0,0,2289.0
2025-09-09,닭죽,8.7,3,16.9,가을,29,25,30,30,28,30,0,0,0,1275.0
2025-09-09,해물탕,4.3,2,16.9,가을,29,25,30,30,28,30,0,0,0,876.0
2025-09-09,미트볼조림,9.79,3,16.9,가을,29,25,30,30,28,30,0,0,0,1422.0
2025-09-09,애호박전,6.06,3,16.9,가을,29,25,30,30,28,30,0,0,0,918.0
2025-09-10,탕평채,7.32,5,21.5,가을,29,23,35,23,30,27,0,0,0,459.0
2025-09-10,육개장,3.68,1,21.5,가을,29,23,35,23,30,27,0,0,0,957.0
2025-09-10,모닝빵,7.84,2,21.5,가을,29,23,35,23,30,27,0,0,0,1539.0
2025-09-10,마라탕,3.53,1,21.5,가을,29,23,35,23,30,27,0,0,0,924.0
2025-09-10,짜장밥,7.85,1,21.5,가을,29,23,35,23,30,27,0,0,0,1896.0
2025-09-11,된장찌개,4.21,2,20.1,가을,35,25,32,23,26,25,0,0,0,879.0
2025-09-11,완자전,3.95,5,20.1,가을,35,25,32,23,26,25,0,0,0,297.0
2025-09-11,설렁탕,3.33,1,20.1,가을,35,25,32,23,26,25,0,0,0,870.0
2025-09-11,제육볶음,6.55,1,20.1,가을,35,25,32,23,26,25,0,0,0,1593.0
2025-09-11,닭강정,8.68,3,20.1,가을,35,25,32,23,26,25,0,0,0,1293.0
2025-09-12,해물탕,5.82,3,16.6,가을,29,28,32,21,32,24,0,0,0,885.0
2025-09-12,오징어무침,7.73,4,16.6,가을,29,28,32,21,32,24,0,0,0,795.0
2025-09-12,단무지무침,9.62,2,16.6,가을,29,28,32,21,32,24,0,0,0,1830.0
2025-09-12,어묵볶음,5.71,1,16.6,가을,29,28,32,21,32,24,0,0,0,1383.0
2025-09-12,꼬리곰탕,5.16,3,16.6,가을,29,28,32,21,32,24,0,0,0,795.0
2025-09-15,달걀찜,6.41,2,15.4,가을,30,27,33,21,26,23,0,0,1,1845.0
2025-09-15,불낙전골,5.26,4,15.4,가을,30,27,33,21,26,23,0,0,1,1167.0
2025-09-15,유채나물,7.44,1,15.4,가을,30,27,33,21,26,23,0,0,1,2232.0
2025-09-15,가자미구이,8.03,3,15.4,가을,30,27,33,21,26,23,0,0,1,1776.0
2025-09-15,흑미밥,8.72,1,15.4,가을,30,27,33,21,26,23,0,0,1,2616.0
2025-09-16,오리불고기,5.66,3,19.9,가을,26,23,32,23,35,28,0,0,0,882.0
2025-09-16,차조밥,6.58,5,19.9,가을,26,23,32,23,35,28,0,0,0,414.0
2025-09-16,식혜,9.48,1,19.9,가을,26,23,32,23,35,28,0,0,0,2253.0
2025-09-16,만두탕수,6.86,1,19.9,가을,26,23,32,23,35,28,0,0,0,1662.0
2025-09-16,완두콩밥,5.11,5,19.9,가을,26,23,32,23,35,28,0,0,0,348.0
2025-09-17,무나물,7.06,3,15.8,가을,34,28,31,30,28,30,0,0,0,1047.0
2025-09-17,마라탕,6.5,5,15.8,가을,34,28,31,30,28,30,0,0,0,387.0
2025-09-17,함박스테이크,7.4,1,15.8,가을,34,28,31,30,28,30,0,0,0,1761.0
2025-09-17,청국장찌개,4.45,3,15.8,가을,34,28,31,30,28,30,0,0,0,696.0
2025-09-17,닭죽,8.54,5,15.8,가을,34,28,31,30,28,30,0,0,0,480.0
2025-09-18,오징어튀김,6.97,3,15.8,가을,35,27,33,29,32,30,0,0,0,1035.0
2025-09-18,고추잡채,4.44,3,15.8,가을,35,27,33,29,32,30,0,0,0,693.0
2025-09-18,무말랭이무침,7.81,2,15.8,가을,35,27,33,29,32,30,0,0,0,1500.0
2025-09-18,미역국,9.22,4,15.8,가을,35,27,33,29,32,30,0,0,0,924.0
2025-09-18,갈비탕,3.25,3,15.8,가을,35,27,33,29,32,30,0,0,0,534.0
2025-09-19,콩비지찌개,4.56,3,17.2,가을,26,29,35,30,26,30,0,0,0,720.0
2025-09-19,떡볶이,5.19,1,17.2,가을,26,29,35,30,26,30,0,0,0,1272.0
2025-09-19,피자,8.17,3,17.2,가을,26,29,35,30,26,30,0,0,0,1206.0
2025-09-19,완자전,9.68,2,17.2,가을,26,29,35,30,26,30,0,0,0,1845.0
2025-09-19,소불고기,7.62,5,17.2,가을,26,29,35,30,26,30,0,0,0,447.0
2025-09-22,돌나물무침,4.66,2,16.3,가을,29,30,35,24,30,22,0,0,1,1398.0
2025-09-22,시금치나물,4.66,2,16.3,가을,29,30,35,24,30,22,0,0,1,1398.0
2025-09-22,돼지고기볶음,9.88,2,16.3,가을,29,30,35,24,30,22,0,0,1,2475.0
2025-09-22,오이지무침,5.42,2,16.3,가을,29,30,35,24,30,22,0,0,1,1626.0
2025-09-22,현미밥,8.27,5,16.3,가을,29,30,35,24,30,22,0,0,1,1071.0
2025-09-23,잔치국수,7.95,2,19.3,가을,30,20,33,25,34,21,0,0,0,1548.0
2025-09-23,바지락 미역국,3.01,5,19.3,가을,30,20,33,25,34,21,0,0,0,252.0
2025-09-23,시금치나물,9.11,3,19.3,가을,30,20,33,25,34,21,0,0,0,1347.0
2025-09-23,해물탕,7.0,2,19.3,가을,30,20,33,25,34,21,0,0,0,1377.0
2025-09-23,현미밥,9.43,4,19.3,가을,30,20,33,25,34,21,0,0,0,963.0
2025-09-24,기장밥,8.94,3,16.9,가을,28,20,33,28,25,21,0,0,1,1908.0
2025-09-24,김치전,6.3,2,16.9,가을,28,20,33,28,25,21,0,0,1,1836.0
2025-09-24,콩비지찌개,5.07,4,16.9,가을,28,20,33,28,25,21,0,0,1,1158.0
2025-09-24,해물탕,6.94,5,16.9,가을,28,20,33,28,25,21,0,0,1,1014.0
2025-09-24,닭곰탕,6.42,5,16.9,가을,28,20,33,28,25,21,0,0,1,990.0
2025-09-25,미역국,7.97,2,19.9,가을,32,27,29,23,30,22,0,0,0,1554.0
2025-09-25,만두탕수,7.59,4,19.9,가을,32,27,29,23,30,22,0,0,0,801.0
2025-09-25,해물콩나물찜,9.91,3,19.9,가을,32,27,29,23,30,22,0,0,0,1458.0
2025-09-25,오이지무침,6.54,1,19.9,가을,32,27,29,23,30,22,0,0,0,1590.0
2025-09-25,북어국,3.51,2,19.9,가을,32,27,29,23,30,22,0,0,0,750.0
2025-09-26,골뱅이무침,5.59,3,18.4,가을,30,20,32,29,34,25,0,0,0,864.0
2025-09-26,잡곡밥,4.08,1,18.4,가을,30,20,32,29,34,25,0,0,0,1029.0
2025-09-26,쌀국수,9.37,2,18.4,가을,30,20,32,29,34,25,0,0,0,1797.0
2025-09-26,무말랭이무침,4.23,5,18.4,가을,30,20,32,29,34,25,0,0,0,300.0
2025-09-26,과일샐러드,8.02,2,18.4,가을,30,20,32,29,34,25,0,0,0,1554.0
2025-09-29,느타리버섯볶음,8.06,4,13.8,가을,27,26,31,29,28,24,0,0,0,807.0
2025-09-29,보리밥,9.91,4,13.8,가을,27,26,31,29,28,24,0,0,0,975.0
2025-09-29,오이지무침,7.16,5,13.8,가을,27,26,31,29,28,24,0,0,0,405.0
2025-09-29,굴비구이,7.33,4,13.8,가을,27,26,31,29,28,24,0,0,0,741.0
2025-09-29,탕평채,8.32,3,13.8,가을,27,26,31,29,28,24,0,0,0,1206.0
2025-09-30,노각무침,6.03,4,19.2,가을,28,21,33,29,34,25,0,0,0,657.0
2025-09-30,부대찌개,9.52,3,19.2,가을,28,21,33,29,34,25,0,0,0,1401.0
2025-09-30,자장면,8.82,1,19.2,가을,28,21,33,29,34,25,0,0,0,2100.0
2025-09-30,콩나물무침,5.1,5,19.2,가을,28,21,33,29,34,25,0,0,0,345.0
2025-09-30,설렁탕,5.75,4,19.2,가을,28,21,33,29,34,25,0,0,0,633.0
2025-10-01,숙주나물,6.45,4,19.3,가을,28,30,27,23,33,30,0,0,0,696.0
2025-10-01,보쌈김치,4.35,4,19.3,가을,28,30,27,23,33,30,0,0,0,507.0
2025-10-01,오리불고기,5.5,5,19.3,가을,28,30,27,23,33,30,0,0,0,363.0
2025-10-01,북어국,7.79,2,19.3,가을,28,30,27,23,33,30,0,0,0,1518.0
2025-10-01,닭다리조림,7.61,4,19.3,가을,28,30,27,23,33,30,0,0,0,801.0
2025-10-02,가자미구이,4.55,1,23.6,가을,34,20,32,25,35,20,0,0,0,1164.0
2025-10-02,현미밥,4.82,1,23.6,가을,34,20,32,25,35,20,0,0,0,1227.0
2025-10-02,오징어튀김,8.74,4,23.6,가을,34,20,32,25,35,20,0,0,0,927.0
2025-10-02,감자튀김,6.43,1,23.6,가을,34,20,32,25,35,20,0,0,0,1587.0
2025-10-02,김치국,5.67,4,23.6,가을,34,20,32,25,35,20,0,0,0,651.0
2025-10-03,비빔밥,9.93,4,19.8,가을,32,24,33,27,29,24,0,0,0,1011.0
2025-10-03,꽃게탕,3.67,5,19.8,가을,32,24,33,27,29,24,0,0,0,285.0
2025-10-03,오리불고기,7.95,3,19.8,가을,32,24,33,27,29,24,0,0,0,1191.0
2025-10-03,콘치즈구이,8.26,2,19.8,가을,32,24,33,27,29,24,0,0,0,1605.0
2025-10-03,계란빵,9.19,1,19.8,가을,32,24,33,27,29,24,0,0,0,2187.0
2025-10-06,오므라이스,4.0,1,17.3,가을,28,25,30,22,28,30,0,0,1,1200.0
2025-10-06,차조밥,4.8,2,17.3,가을,28,25,30,22,28,30,0,0,1,1440.0
2025-10-06,마늘쫑볶음,9.5,5,17.3,가을,28,25,30,22,28,30,0,0,1,1131.0
2025-10-06,갓김치,8.91,4,17.3,가을,28,25,30,22,28,30,0,0,1,1506.0
2025-10-06,잡채,3.58,5,17.3,가을,28,25,30,22,28,30,0,0,1,864.0
2025-10-07,혼합잡곡밥,8.68,3,12.5,가을,28,25,33,30,33,25,0,0,1,1848.0
2025-10-07,소불고기,6.21,4,12.5,가을,28,25,33,30,33,25,0,0,1,1233.0
2025-10-07,부대찌개,8.14,5,12.5,가을,28,25,33,30,33,25,0,0,1,1041.0
2025-10-07,흑미밥,5.51,2,12.5,가을,28,25,33,30,33,25,0,0,1,1653.0
2025-10-07,곤드레밥,8.82,3,12.5,가을,28,25,33,30,33,25,0,0,1,1866.0
2025-10-08,부추전,3.17,4,19.3,가을,25,27,26,24,35,24,0,0,0,402.0
2025-10-08,닭볶음,7.48,3,19.3,가을,25,27,26,24,35,24,0,0,0,1125.0
2025-10-08,단무지무침,3.61,2,19.3,가을,25,27,26,24,35,24,0,0,0,765.0
2025-10-08,갈비탕,7.89,1,19.3,가을,25,27,26,24,35,24,0,0,0,1890.0
2025-10-08,닭강정,4.89,4,19.3,가을,25,27,26,24,35,24,0,0,0,555.0
2025-10-09,달걀말이,5.08,5,15.5,가을,29,24,35,25,27,20,0,0,0,321.0
2025-10-09,단무지,3.42,1,15.5,가을,29,24,35,25,27,20,0,0,0,864.0
2025-10-09,혼합잡곡밥,7.48,5,15.5,가을,29,24,35,25,27,20,0,0,0,429.0
2025-10-09,소시지볶음,6.76,5,15.5,가을,29,24,35,25,27,20,0,0,0,396.0
2025-10-09,갓김치,5.54,4,15.5,가을,29,24,35,25,27,20,0,0,0,591.0
2025-10-10,짜장면,6.45,3,20.1,가을,34,25,27,24,35,26,0,0,0,990.0
2025-10-10,비빔국수,3.82,3,20.1,가을,34,25,27,24,35,26,0,0,0,636.0
2025-10-10,삼겹살구이,7.19,5,20.1,가을,34,25,27,24,35,26,0,0,0,444.0
2025-10-10,오이부추무침,4.57,5,20.1,가을,34,25,27,24,35,26,0,0,0,327.0
2025-10-10,미역국,4.04,3,20.1,가을,34,25,27,24,35,26,0,0,0,666.0
2025-10-13,미숫가루,6.98,2,16.6,가을,33,29,30,30,27,26,0,0,0,1356.0
2025-10-13,돼지갈비찜,9.7,5,16.6,가을,33,29,30,30,27,26,0,0,0,537.0
2025-10-13,짜장면,6.68,4,16.6,가을,33,29,30,30,27,26,0,0,0,702.0
2025-10-13,가자미튀김,9.23,4,16.6,가을,33,29,30,30,27,26,0,0,0,930.0
2025-10-13,오이소박이,4.64,4,16.6,가을,33,29,30,30,27,26,0,0,0,516.0
2025-10-14,달걀말이,4.29,4,18.7,가을,35,30,34,23,34,28,0,1,0,498.0
2025-10-14,하이라이스,2.95,3,18.7,가을,35,30,34,23,34,28,0,1,0,510.0
2025-10-14,부대찌개,2.07,4,18.7,가을,35,30,34,23,34,28,0,1,0,297.0
2025-10-14,스크램블드에그,2.235,1,18.7,가을,35,30,34,23,34,28,0,1,0,615.0
2025-10-14,시금치나물,4.015,2,18.7,가을,35,30,34,23,34,28,0,1,0,834.0
2025-10-15,탕수육,7.1,2,18.0,가을,26,30,35,24,25,23,0,0,0,1386.0
2025-10-15,불낙전골,4.96,4,18.0,가을,26,30,35,24,25,23,0,0,0,555.0
2025-10-15,귀리밥,8.57,5,18.0,가을,26,30,35,24,25,23,0,0,0,495.0
2025-10-15,닭강정,8.13,4,18.0,가을,26,30,35,24,25,23,0,0,0,840.0
2025-10-15,함박스테이크,4.19,5,18.0,가을,26,30,35,24,25,23,0,0,0,297.0
2025-10-16,감자전,8.93,5,15.3,가을,26,25,28,28,35,30,0,0,0,495.0
2025-10-16,총각김치,8.39,2,15.3,가을,26,25,28,28,35,30,0,0,0,1602.0
2025-10-16,꿀떡,9.29,5,15.3,가을,26,25,28,28,35,30,0,0,0,510.0
2025-10-16,새송이버섯전,4.66,1,15.3,가을,26,25,28,28,35,30,0,0,0,1140.0
2025-10-16,크로와상,8.77,3,15.3,가을,26,25,28,28,35,30,0,0,0,1275.0
2025-10-17,메밀소바,4.81,5,23.6,가을,35,30,28,29,32,20,0,0,0,357.0
2025-10-17,오이김치,4.35,3,23.6,가을,35,30,28,29,32,20,0,0,0,729.0
2025-10-17,감자튀김,8.42,3,23.6,가을,35,30,28,29,32,20,0,0,0,1278.0
2025-10-17,총각김치,4.39,4,23.6,가을,35,30,28,29,32,20,0,0,0,537.0
2025-10-17,팔보채,3.55,4,23.6,가을,35,30,28,29,32,20,0,0,0,462.0
2025-10-20,가자미튀김,9.77,5,17.1,가을,30,25,26,23,34,25,0,0,0,543.0
2025-10-20,짜장면,5.52,5,17.1,가을,30,25,26,23,34,25,0,0,0,351.0
2025-10-20,무말랭이무침,6.61,3,17.1,가을,30,25,26,23,34,25,0,0,0,996.0
2025-10-20,김치전,7.02,2,17.1,가을,30,25,26,23,34,25,0,0,0,1365.0
2025-10-20,마늘빵,9.01,2,17.1,가을,30,25,26,23,34,25,0,0,0,1725.0
2025-10-21,삼치구이,6.21,5,15.9,가을,34,24,26,22,33,22,0,0,0,375.0
2025-10-21,크로와상,4.46,5,15.9,가을,34,24,26,22,33,22,0,0,0,297.0
2025-10-21,탕수육,4.44,3,15.9,가을,34,24,26,22,33,22,0,0,0,696.0
2025-10-21,물냉면,6.72,4,15.9,가을,34,24,26,22,33,22,0,0,0,699.0
2025-10-21,갓김치,8.44,3,15.9,가을,34,24,26,22,33,22,0,0,0,1236.0
2025-10-22,갓김치,5.73,4,18.6,가을,27,26,26,21,32,29,0,0,0,627.0
2025-10-22,닭다리구이,4.43,5,18.6,가을,27,26,26,21,32,29,0,0,0,312.0
2025-10-22,불낙전골,6.81,3,18.6,가을,27,26,26,21,32,29,0,0,0,1032.0
2025-10-22,북어국,3.86,2,18.6,가을,27,26,26,21,32,29,0,0,0,807.0
2025-10-22,설렁탕,4.67,1,18.6,가을,27,26,26,21,32,29,0,0,0,1161.0
2025-10-23,오이지무침,3.46,1,19.3,가을,30,22,33,26,35,21,0,0,0,894.0
2025-10-23,부추전,3.04,3,19.3,가을,30,22,33,26,35,21,0,0,0,525.0
2025-10-23,보리밥,4.45,3,19.3,가을,30,22,33,26,35,21,0,0,0,717.0
2025-10-23,감자튀김,9.91,1,19.3,가을,30,22,33,26,35,21,0,0,0,2346.0
2025-10-23,깍두기,8.17,2,19.3,가을,30,22,33,26,35,21,0,0,0,1587.0
2025-10-24,닭꼬치구이,8.83,4,17.5,가을,35,23,33,30,30,24,0,0,0,900.0
2025-10-24,함박스테이크,3.42,3,17.5,가을,35,23,33,30,30,24,0,0,0,567.0
2025-10-24,무나물,7.92,5,17.5,가을,35,23,33,30,30,24,0,0,0,462.0
2025-10-24,새우튀김,3.52,2,17.5,가을,35,23,33,30,30,24,0,0,0,738.0
2025-10-24,콩나물잡채,9.48,2,17.5,가을,35,23,33,30,30,24,0,0,0,1812.0
2025-10-27,총각김치,6.89,4,17.8,가을,33,29,25,22,25,27,0,0,0,726.0
2025-10-27,제육볶음,6.25,1,17.8,가을,33,29,25,22,25,27,0,0,0,1512.0
2025-10-27,닭볶음,8.82,3,17.8,가을,33,29,25,22,25,27,0,0,0,1299.0
2025-10-27,해물탕,5.52,5,17.8,가을,33,29,25,22,25,27,0,0,0,354.0
2025-10-27,두부조림,8.87,1,17.8,가을,33,29,25,22,25,27,0,0,0,2103.0
2025-10-28,절편,3.11,5,18.2,가을,35,22,26,22,28,27,0,0,0,249.0
2025-10-28,감자전,7.71,3,18.2,가을,35,22,26,22,28,27,0,0,0,1149.0
2025-10-28,완자전,3.56,2,18.2,가을,35,22,26,22,28,27,0,0,0,750.0
2025-10-28,마라탕,7.12,5,18.2,가을,35,22,26,22,28,27,0,0,0,429.0
2025-10-28,잡채,8.85,1,18.2,가을,35,22,26,22,28,27,0,0,0,2100.0
2025-10-29,돼지갈비찜,9.52,3,19.0,가을,31,24,30,22,31,22,0,0,0,1398.0
2025-10-29,탕수육,8.67,1,19.0,가을,31,24,30,22,31,22,0,0,0,2064.0
2025-10-29,콩비지찌개,6.36,5,19.0,가을,31,24,30,22,31,22,0,0,0,399.0
2025-10-29,보쌈김치,4.11,2,19.0,가을,31,24,30,22,31,22,0,0,0,855.0
2025-10-29,소시지볶음,4.25,5,19.0,가을,31,24,30,22,31,22,0,0,0,306.0
2025-10-30,미숫가루,9.71,4,17.5,가을,25,24,28,29,32,26,0,0,1,1578.0
2025-10-30,무말랭이무침,9.75,5,17.5,가을,25,24,28,29,32,26,0,0,1,1143.0
2025-10-30,삼계탕,4.58,4,17.5,가을,25,24,28,29,32,26,0,0,1,1116.0
2025-10-30,닭볶음,6.56,1,17.5,가을,25,24,28,29,32,26,0,0,1,1968.0
2025-10-30,감자국,6.5,1,17.5,가을,25,24,28,29,32,26,0,0,1,1950.0
2025-10-31,보리밥,8.2,3,19.2,가을,35,24,33,20,30,30,0,0,0,1221.0
2025-10-31,닭볶음,3.45,5,19.2,가을,35,24,33,20,30,30,0,0,0,270.0
2025-10-31,부대찌개,6.47,3,19.2,가을,35,24,33,20,30,30,0,0,0,990.0
2025-10-31,해물탕,8.45,2,19.2,가을,35,24,33,20,30,30,0,0,0,1635.0
2025-10-31,달걀말이,5.52,1,19.2,가을,35,24,33,20,30,30,0,0,0,1356.0
2025-11-03,깻잎찜,6.4,4,14.7,가을,25,24,35,23,28,21,0,0,0,663.0
2025-11-03,총각김치,7.34,4,14.7,가을,25,24,35,23,28,21,0,0,0,750.0
2025-11-03,절편,9.51,3,14.7,가을,25,24,35,23,28,21,0,0,0,1371.0
2025-11-03,부추전,6.06,4,14.7,가을,25,24,35,23,28,21,0,0,0,633.0
2025-11-03,폭찹,9.79,4,14.7,가을,25,24,35,23,28,21,0,0,0,969.0
2025-11-04,골뱅이무침,5.45,4,18.6,가을,26,26,34,29,32,30,0,0,0,603.0
2025-11-04,오징어튀김,5.58,3,18.6,가을,26,26,34,29,32,30,0,0,0,864.0
2025-11-04,재첩국,3.2,2,18.6,가을,26,26,34,29,32,30,0,0,0,687.0
2025-11-04,검정콩밥,6.42,3,18.6,가을,26,26,34,29,32,30,0,0,0,978.0
2025-11-04,북어국,6.82,2,18.6,가을,26,26,34,29,32,30,0,0,0,1338.0
2025-11-05,단무지무침,6.25,3,17.2,가을,30,26,27,24,33,27,0,0,1,1548.0
2025-11-05,쫄면,5.19,3,17.2,가을,30,26,27,24,33,27,0,0,1,1404.0
2025-11-05,짜장밥,6.37,1,17.2,가을,30,26,27,24,33,27,0,0,1,1911.0
2025-11-05,탕수육,8.94,3,17.2,가을,30,26,27,24,33,27,0,0,1,1911.0
2025-11-05,골뱅이무침,9.54,5,17.2,가을,30,26,27,24,33,27,0,0,1,1131.0
2025-11-06,만두탕수,3.38,1,20.4,가을,27,30,31,27,32,24,0,0,0,882.0
2025-11-06,탕수육,6.99,3,20.4,가을,27,30,31,27,32,24,0,0,0,1065.0
2025-11-06,쌀밥,5.52,5,20.4,가을,27,30,31,27,32,24,0,0,0,372.0
2025-11-06,크로와상,5.4,1,20.4,가을,27,30,31,27,32,24,0,0,0,1338.0
2025-11-06,닭다리조림,4.84,2,20.4,가을,27,30,31,27,32,24,0,0,0,993.0
2025-11-07,닭볶음,9.67,4,22.7,가을,28,29,33,26,26,27,0,0,1,1605.0
2025-11-07,짜장밥,8.71,2,22.7,가을,28,29,33,26,26,27,0,0,1,2304.0
2025-11-07,삼겹살구이,8.12,2,22.7,가을,28,29,33,26,26,27,0,0,1,2199.0
2025-11-07,미숫가루,4.44,2,22.7,가을,28,29,33,26,26,27,0,0,1,1332.0
2025-11-07,연근조림,6.3,1,22.7,가을,28,29,33,26,26,27,0,0,1,1890.0
2025-11-10,감자전,4.0,3,19.5,가을,31,26,31,24,29,26,0,0,0,657.0
2025-11-10,부추전,5.28,5,19.5,가을,31,26,31,24,29,26,0,0,0,354.0
2025-11-10,오징어무침,3.1,2,19.5,가을,31,26,31,24,29,26,0,0,0,675.0
2025-11-10,떡만두국,9.32,5,19.5,가을,31,26,31,24,29,26,0,0,0,537.0
2025-11-10,게맛살튀김,8.43,2,19.5,가을,31,26,31,24,29,26,0,0,0,1635.0
2025-11-11,깻잎김치,9.39,4,23.4,가을,29,29,26,21,27,25,0,0,1,1587.0
2025-11-11,숙주나물,8.54,1,23.4,가을,29,29,26,21,27,25,0,0,1,2562.0
2025-11-11,떡국,7.6,2,23.4,가을,29,29,26,21,27,25,0,0,1,2109.0
2025-11-11,육개장,4.5,2,23.4,가을,29,29,26,21,27,25,0,0,1,1350.0
2025-11-11,곤드레밥,9.27,2,23.4,가을,29,29,26,21,27,25,0,0,1,2409.0
2025-11-12,미트볼조림,6.16,5,21.7,가을,25,28,28,20,32,22,0,0,0,408.0
2025-11-12,모닝빵,7.12,1,21.7,가을,25,28,28,20,32,22,0,0,0,1731.0
2025-11-12,잡채,6.3,2,21.7,가을,25,28,28,20,32,22,0,0,0,1263.0
2025-11-12,고추잡채,4.71,2,21.7,가을,25,28,28,20,32,22,0,0,0,978.0
2025-11-12,돼지갈비찜,8.88,4,21.7,가을,25,28,28,20,32,22,0,0,0,930.0
2025-11-13,멘보샤,7.15,3,18.3,가을,26,29,32,28,27,21,0,0,0,1074.0
2025-11-13,새우튀김,5.3,3,18.3,가을,26,29,32,28,27,21,0,0,0,825.0
2025-11-13,오이생채,3.81,5,18.3,가을,26,29,32,28,27,21,0,0,0,282.0
2025-11-13,임연수구이,9.68,4,18.3,가을,26,29,32,28,27,21,0,0,0,981.0
2025-11-13,차조밥,8.84,4,18.3,가을,26,29,32,28,27,21,0,0,0,906.0
2025-11-14,소불고기,5.63,4,19.5,가을,26,30,29,24,26,30,0,0,0,624.0
2025-11-14,불낙전골,7.96,5,19.5,가을,26,30,29,24,26,30,0,0,0,474.0
2025-11-14,곤드레밥,6.15,2,19.5,가을,26,30,29,24,26,30,0,0,0,1224.0
2025-11-14,잡곡밥,3.49,4,19.5,가을,26,30,29,24,26,30,0,0,0,432.0
2025-11-14,만두탕수,4.82,1,19.5,가을,26,30,29,24,26,30,0,0,0,1203.0
2025-11-17,기장밥,3.78,2,18.4,가을,25,25,35,27,32,27,0,0,0,792.0
2025-11-17,미숫가루,7.5,5,18.4,가을,25,25,35,27,32,27,0,0,0,447.0
2025-11-17,멘보샤,8.08,3,18.4,가을,25,25,35,27,32,27,0,0,0,1200.0
2025-11-17,물냉면,5.11,1,18.4,가을,25,25,35,27,32,27,0,0,0,1260.0
2025-11-17,미역줄기볶음,5.28,3,18.4,가을,25,25,35,27,32,27,0,0,0,822.0
2025-11-18,귀리밥,9.71,2,17.1,가을,30,22,29,21,30,20,0,0,0,1851.0
2025-11-18,탕수육,8.84,4,17.1,가을,30,22,29,21,30,20,0,0,0,897.0
2025-11-18,꽃게탕,5.21,3,17.1,가을,30,22,29,21,30,20,0,0,0,807.0
2025-11-18,쫄면,5.25,1,17.1,가을,30,22,29,21,30,20,0,0,0,1284.0
2025-11-18,차조밥,5.81,1,17.1,가을,30,22,29,21,30,20,0,0,0,1410.0
2025-11-19,파래무침,7.91,2,19.7,가을,27,20,32,29,30,29,0,0,0,1542.0
2025-11-19,삼치구이,8.47,5,19.7,가을,27,20,32,29,30,29,0,0,0,498.0
2025-11-19,콩나물무침,9.0,5,19.7,가을,27,20,32,29,30,29,0,0,0,522.0
2025-11-19,미역국,9.97,3,19.7,가을,27,20,32,29,30,29,0,0,0,1464.0
2025-11-19,보리밥,5.98,5,19.7,가을,27,20,32,29,30,29,0,0,0,387.0
2025-11-20,군만두,4.58,2,15.2,가을,25,21,29,30,35,30,0,0,0,915.0
2025-11-20,무나물,3.34,5,15.2,가을,25,21,29,30,35,30,0,0,0,243.0
2025-11-20,가자미구이,3.84,1,15.2,가을,25,21,29,30,35,30,0,0,0,954.0
2025-11-20,잔치국수,8.84,5,15.2,가을,25,21,29,30,35,30,0,0,0,489.0
2025-11-20,재첩국,8.91,2,15.2,가을,25,21,29,30,35,30,0,0,0,1695.0
2025-11-21,과일샐러드,8.68,1,19.4,가을,33,22,28,30,31,28,0,0,0,2070.0
2025-11-21,보리밥,6.37,2,19.4,가을,33,22,28,30,31,28,0,0,0,1263.0
2025-11-21,군만두,5.01,3,19.4,가을,33,22,28,30,31,28,0,0,0,792.0
2025-11-21,식빵튀김,5.91,5,19.4,가을,33,22,28,30,31,28,0,0,0,381.0
2025-11-21,오이소박이,4.89,1,19.4,가을,33,22,28,30,31,28,0,0,0,1218.0
2025-11-24,식빵튀김,4.61,1,20.2,가을,32,23,33,30,30,26,0,0,0,1158.0
2025-11-24,탕평채,4.17,2,20.2,가을,32,23,33,30,30,26,0,0,0,873.0
2025-11-24,보쌈김치,5.1,3,20.2,가을,32,23,33,30,30,26,0,0,0,810.0
2025-11-24,해물파전,7.9,2,20.2,가을,32,23,33,30,30,26,0,0,0,1542.0
2025-11-24,두부김치,4.5,1,20.2,가을,32,23,33,30,30,26,0,0,0,1134.0
2025-11-25,기장밥,7.83,3,18.5,가을,34,26,27,22,29,23,0,0,0,1167.0
2025-11-25,쌀국수,9.71,1,18.5,가을,34,26,27,22,29,23,0,0,0,2295.0
2025-11-25,꼬리곰탕,3.62,3,18.5,가을,34,26,27,22,29,23,0,0,0,600.0
2025-11-25,만두탕수,4.61,1,18.5,가을,34,26,27,22,29,23,0,0,0,1149.0
2025-11-25,오므라이스,9.65,3,18.5,가을,34,26,27,22,29,23,0,0,0,1413.0
2025-11-26,김치전,5.08,1,18.3,가을,34,28,28,25,27,21,0,0,0,1254.0
2025-11-26,깍두기,8.55,5,18.3,가을,34,28,28,25,27,21,0,0,0,495.0
2025-11-26,혼합잡곡밥,7.02,5,18.3,가을,34,28,28,25,27,21,0,0,0,426.0
2025-11-26,스크램블드에그,5.73,1,18.3,가을,34,28,28,25,27,21,0,0,0,1398.0
2025-11-26,닭볶음,6.26,1,18.3,가을,34,28,28,25,27,21,0,0,0,1518.0
2025-11-27,자장면,9.4,2,19.3,가을,31,27,26,22,32,23,0,0,0,1809.0
2025-11-27,닭볶음,7.44,1,19.3,가을,31,27,26,22,32,23,0,0,0,1791.0
2025-11-27,마라탕,9.8,3,19.3,가을,31,27,26,22,32,23,0,0,0,1440.0
2025-11-27,피자,5.42,2,19.3,가을,31,27,26,22,32,23,0,0,0,1092.0
2025-11-27,카레라이스,6.74,3,19.3,가을,31,27,26,22,32,23,0,0,0,1026.0
2025-11-28,느타리버섯볶음,4.07,5,17.8,가을,35,25,25,25,26,24,0,0,0,291.0
2025-11-28,미트볼조림,7.16,1,17.8,가을,35,25,25,25,26,24,0,0,0,1719.0
2025-11-28,쌀국수,7.16,4,17.8,가을,35,25,25,25,26,24,0,0,0,750.0
2025-11-28,폭찹,7.39,4,17.8,가을,35,25,25,25,26,24,0,0,0,771.0
2025-11-28,호박전,6.71,4,17.8,가을,35,25,25,25,26,24,0,0,0,711.0
2025-12-01,혼합잡곡밥,4.91,5,1.5,겨울,34,28,27,21,27,27,0,0,0,201.0
2025-12-01,재첩국,6.24,3,1.5,겨울,34,28,27,21,27,27,0,0,0,822.0
2025-12-01,완자전,3.57,1,1.5,겨울,34,28,27,21,27,27,0,0,0,783.0
2025-12-01,가자미구이,7.58,4,1.5,겨울,34,28,27,21,27,27,0,0,0,663.0
2025-12-01,돼지갈비찜,8.08,1,1.5,겨울,34,28,27,21,27,27,0,0,0,1797.0
2025-12-02,탕평채,3.05,3,2.5,겨울,31,25,34,30,31,28,0,0,0,396.0
2025-12-02,핫도그,5.79,4,2.5,겨울,31,25,34,30,31,28,0,0,0,507.0
2025-12-02,미역국,5.75,4,2.5,겨울,31,25,34,30,31,28,0,0,0,504.0
2025-12-02,소불고기,7.02,3,2.5,겨울,31,25,34,30,31,28,0,0,0,933.0
2025-12-02,닭튀김,6.61,2,2.5,겨울,31,25,34,30,31,28,0,0,0,1176.0
2025-12-03,파래무침,9.09,5,4.5,겨울,33,24,31,21,32,21,0,0,0,408.0
2025-12-03,미숫가루,3.47,1,4.5,겨울,33,24,31,21,32,21,0,0,0,780.0
2025-12-03,핫도그,8.56,3,4.5,겨울,33,24,31,21,32,21,0,0,0,1155.0
2025-12-03,닭꼬치구이,6.56,3,4.5,겨울,33,24,31,21,32,21,0,0,0,885.0
2025-12-03,어묵국,8.03,4,4.5,겨울,33,24,31,21,32,21,0,0,0,720.0
2025-12-04,굴비구이,8.66,5,-2.5,겨울,29,24,28,27,35,29,0,0,0,345.0
2025-12-04,섞박지,7.66,4,-2.5,겨울,29,24,28,27,35,29,0,0,0,645.0
2025-12-04,비름나물,9.32,1,-2.5,겨울,29,24,28,27,35,29,0,0,0,2052.0
2025-12-04,버섯전,9.76,4,-2.5,겨울,29,24,28,27,35,29,0,0,0,834.0
2025-12-04,된장찌개,7.25,5,-2.5,겨울,29,24,28,27,35,29,0,0,0,282.0
2025-12-05,콩나물국,7.11,1,0.5,겨울,35,21,35,21,33,21,0,0,0,1572.0
2025-12-05,김치전,8.69,3,0.5,겨울,35,21,35,21,33,21,0,0,0,1146.0
2025-12-05,시금치나물,3.24,1,0.5,겨울,35,21,35,21,33,21,0,0,0,702.0
2025-12-05,무나물,8.46,1,0.5,겨울,35,21,35,21,33,21,0,0,0,1878.0
2025-12-05,오이생채,7.95,3,0.5,겨울,35,21,35,21,33,21,0,0,0,1047.0
2025-12-08,과일샐러드,5.84,5,3.3,겨울,34,24,27,26,35,21,0,0,0,255.0
2025-12-08,혼합잡곡밥,5.78,5,3.3,겨울,34,24,27,26,35,21,0,0,0,252.0
2025-12-08,잡곡밥,8.28,1,3.3,겨울,34,24,27,26,35,21,0,0,0,1854.0
2025-12-08,삼겹살구이,6.3,5,3.3,겨울,34,24,27,26,35,21,0,0,0,273.0
2025-12-08,닭꼬치구이,4.84,3,3.3,겨울,34,24,27,26,35,21,0,0,0,645.0
2025-12-09,달걀찜,8.61,2,2.6,겨울,30,25,28,27,34,29,0,0,0,1536.0
2025-12-09,청국장찌개,6.31,2,2.6,겨울,30,25,28,27,34,29,0,0,0,1122.0
2025-12-09,게맛살튀김,3.26,3,2.6,겨울,30,25,28,27,34,29,0,0,0,426.0
2025-12-09,완두콩밥,6.9,3,2.6,겨울,30,25,28,27,34,29,0,0,0,918.0
2025-12-09,오징어무침,8.77,5,2.6,겨울,30,25,28,27,34,29,0,0,0,381.0
2025-12-10,김치국,5.0,4,4.5,겨울,27,23,27,29,25,29,0,0,0,447.0
2025-12-10,잔치국수,3.98,1,4.5,겨울,27,23,27,29,25,29,0,0,0,894.0
2025-12-10,콩비지찌개,9.98,3,4.5,겨울,27,23,27,29,25,29,0,0,0,1347.0
2025-12-10,무나물,6.52,1,4.5,겨울,27,23,27,29,25,29,0,0,0,1464.0
2025-12-10,닭곰탕,4.9,4,4.5,겨울,27,23,27,29,25,29,0,0,0,438.0
2025-12-11,꼬리곰탕,8.97,2,-0.4,겨울,32,28,28,22,29,21,0,0,0,1581.0
2025-12-11,어묵국,5.16,3,-0.4,겨울,32,28,28,22,29,21,0,0,0,663.0
2025-12-11,현미밥,3.1,2,-0.4,겨울,32,28,28,22,29,21,0,0,0,525.0
2025-12-11,콘치즈구이,3.51,3,-0.4,겨울,32,28,28,22,29,21,0,0,0,441.0
2025-12-11,백김치,7.81,5,-0.4,겨울,32,28,28,22,29,21,0,0,0,318.0
2025-12-12,돌나물무침,8.64,4,3.3,겨울,31,29,31,30,28,24,0,0,0,768.0
2025-12-12,함박스테이크,5.28,5,3.3,겨울,31,29,31,30,28,24,0,0,0,228.0
2025-12-12,재첩국,9.34,2,3.3,겨울,31,29,31,30,28,24,0,0,0,1671.0
2025-12-12,옥수수밥,7.42,4,3.3,겨울,31,29,31,30,28,24,0,0,0,660.0
2025-12-12,단무지,6.18,4,3.3,겨울,31,29,31,30,28,24,0,0,0,546.0
2025-12-15,닭곰탕,8.77,3,0.9,겨울,31,25,27,20,35,21,0,0,0,1161.0
2025-12-15,핫도그,7.8,3,0.9,겨울,31,25,27,20,35,21,0,0,0,1029.0
2025-12-15,돼지고기볶음,6.77,3,0.9,겨울,31,25,27,20,35,21,0,0,0,891.0
2025-12-15,가자미구이,9.71,4,0.9,겨울,31,25,27,20,35,21,0,0,0,849.0
2025-12-15,부추무침,3.15,4,0.9,겨울,31,25,27,20,35,21,0,0,0,258.0
2025-12-16,깻잎김치,4.32,3,3.0,겨울,35,26,26,23,31,25,0,0,0,573.0
2025-12-16,무생채,3.5,1,3.0,겨울,35,26,26,23,31,25,0,0,0,777.0
2025-12-16,갓김치,3.13,3,3.0,겨울,35,26,26,23,31,25,0,0,0,411.0
2025-12-16,자장면,7.94,3,3.0,겨울,35,26,26,23,31,25,0,0,0,1062.0
2025-12-16,고추잡채,8.75,3,3.0,겨울,35,26,26,23,31,25,0,0,0,1170.0
2025-12-17,애호박나물,9.94,1,-1.3,겨울,32,23,32,30,32,20,0,0,0,2199.0
2025-12-17,단무지무침,6.22,3,-1.3,겨울,32,23,32,30,32,20,0,0,0,801.0
2025-12-17,스크램블드에그,9.74,3,-1.3,겨울,32,23,32,30,32,20,0,0,0,1278.0
2025-12-17,돼지고기볶음,7.01,1,-1.3,겨울,32,23,32,30,32,20,0,0,0,1539.0
2025-12-17,설렁탕,5.35,1,-1.3,겨울,32,23,32,30,32,20,0,0,0,1167.0
2025-12-18,감자전,3.31,5,2.6,겨울,31,24,35,21,27,24,0,0,1,735.0
2025-12-18,소불고기,8.41,4,2.6,겨울,31,24,35,21,27,24,0,0,1,1344.0
2025-12-18,마늘쫑볶음,9.43,3,2.6,겨울,31,24,35,21,27,24,0,0,1,1860.0
2025-12-18,깻잎김치,4.13,3,2.6,겨울,31,24,35,21,27,24,0,0,1,1143.0
2025-12-18,콘치즈구이,6.36,4,2.6,겨울,31,24,35,21,27,24,0,0,1,1158.0
2025-12-19,섞박지,7.01,4,7.9,겨울,28,27,33,30,31,21,0,0,0,651.0
2025-12-19,삼계탕,4.08,4,7.9,겨울,28,27,33,30,31,21,0,0,0,387.0
2025-12-19,오징어튀김,7.64,3,7.9,겨울,28,27,33,30,31,21,0,0,0,1050.0
2025-12-19,닭볶음,8.62,3,7.9,겨울,28,27,33,30,31,21,0,0,0,1182.0
2025-12-19,떡국,6.39,2,7.9,겨울,28,27,33,30,31,21,0,0,0,1170.0
2025-12-22,가자미구이,8.11,1,1.6,겨울,27,27,25,20,29,24,0,0,0,1806.0
2025-12-22,불낙전골,4.42,1,1.6,겨울,27,27,25,20,29,24,0,0,0,975.0
2025-12-22,군만두,7.24,4,1.6,겨울,27,27,25,20,29,24,0,0,0,633.0
2025-12-22,소불고기,9.2,4,1.6,겨울,27,27,25,20,29,24,0,0,0,807.0
2025-12-22,애호박나물,8.53,1,1.6,겨울,27,27,25,20,29,24,0,0,0,1899.0
2025-12-23,치즈볼,5.45,4,0.9,겨울,30,20,32,28,33,27,0,0,0,465.0
2025-12-23,김말이튀김,8.76,2,0.9,겨울,30,20,32,28,33,27,0,0,0,1551.0
2025-12-23,꿀떡,9.44,3,0.9,겨울,30,20,32,28,33,27,0,0,0,1251.0
2025-12-23,콩나물무침,6.05,2,0.9,겨울,30,20,32,28,33,27,0,0,0,1065.0
2025-12-23,고추잡채,9.79,2,0.9,겨울,30,20,32,28,33,27,0,0,0,1737.0
2025-12-24,콩나물무침,6.89,1,4.4,겨울,34,30,28,26,25,24,0,0,0,1548.0
2025-12-24,콘치즈구이,5.97,1,4.4,겨울,34,30,28,26,25,24,0,0,0,1341.0
2025-12-24,잔치국수,4.77,2,4.4,겨울,34,30,28,26,25,24,0,0,0,855.0
2025-12-24,식혜,6.09,3,4.4,겨울,34,30,28,26,25,24,0,0,0,819.0
2025-12-24,보리밥,9.21,4,4.4,겨울,34,30,28,26,25,24,0,0,0,828.0
2025-12-25,육개장,7.35,4,2.5,겨울,28,29,29,29,26,21,0,0,1,1248.0
2025-12-25,가자미튀김,8.59,2,2.5,겨울,28,29,29,29,26,21,0,0,1,2133.0
2025-12-25,삼겹살구이,8.12,3,2.5,겨울,28,29,29,29,26,21,0,0,1,1683.0
2025-12-25,멘보샤,7.16,4,2.5,겨울,28,29,29,29,26,21,0,0,1,1230.0
2025-12-25,잔치국수,6.69,2,2.5,겨울,28,29,29,29,26,21,0,0,1,1791.0
2025-12-26,과일샐러드,7.96,3,0.1,겨울,25,22,28,20,34,27,0,0,0,1044.0
2025-12-26,오이생채,5.74,2,0.1,겨울,25,22,28,20,34,27,0,0,0,1005.0
2025-12-26,닭튀김,3.63,4,0.1,겨울,25,22,28,20,34,27,0,0,0,297.0
2025-12-26,미숫가루,6.64,2,0.1,겨울,25,22,28,20,34,27,0,0,0,1167.0
2025-12-26,잡채,7.83,3,0.1,겨울,25,22,28,20,34,27,0,0,0,1029.0
2025-12-29,마늘빵,4.09,1,2.0,겨울,29,23,34,24,26,26,0,0,0,903.0
2025-12-29,미역줄기볶음,4.97,1,2.0,겨울,29,23,34,24,26,26,0,0,0,1101.0
2025-12-29,부대찌개,3.11,2,2.0,겨울,29,23,34,24,26,26,0,0,0,543.0
2025-12-29,김치국,6.44,3,2.0,겨울,29,23,34,24,26,26,0,0,0,852.0
2025-12-29,청국장찌개,6.47,5,2.0,겨울,29,23,34,24,26,26,0,0,0,273.0
2025-12-30,잔치국수,6.79,4,2.9,겨울,25,28,34,29,28,23,0,0,0,600.0
2025-12-30,햄전,7.04,4,2.9,겨울,25,28,34,29,28,23,0,0,0,621.0
2025-12-30,오므라이스,4.62,3,2.9,겨울,25,28,34,29,28,23,0,0,0,612.0
2025-12-30,불낙전골,7.01,5,2.9,겨울,25,28,34,29,28,23,0,0,0,303.0
2025-12-30,순대,6.14,2,2.9,겨울,25,28,34,29,28,23,0,0,0,1092.0
2025-12-31,과일샐러드,3.21,4,3.0,겨울,34,21,30,29,30,22,0,0,1,879.0
2025-12-31,갓김치,7.56,4,3.0,겨울,34,21,30,29,30,22,0,0,1,1269.0
2025-12-31,닭다리조림,3.49,2,3.0,겨울,34,21,30,29,30,22,0,0,1,1047.0
2025-12-31,모닝빵,6.2,1,3.0,겨울,34,21,30,29,30,22,0,0,1,1860.0
2025-12-31,고추잡채,8.52,4,3.0,겨울,34,21,30,29,30,22,0,0,1,1356.0
